Thelephora_UDB0780190_TUF127314_ITS1_ITS2_Dominica;size=1	*
Thelephora_JX548257_ITS1_ITS2_Dominica;size=1	*
Thelephora_JX548254_ITS1_ITS2_Dominica;size=1	Thelephora_JX548257_ITS1_ITS2_Dominica;size=1
Thelephora_UDB06027628_TUE002018_ITS1_ITS2_Dominica;size=1	*
Thelephora_UDB06027662_TUE002018_ITS1_ITS2_Dominica;size=1	*
Thelephora_UDB06028056_TUE002021_ITS1_ITS2_Dominica;size=1	*
Thelephora_UDB06028283_TUE002021_ITS1_ITS2_Dominica;size=1	*
Thelephora_UDB06028472_TUE002022_ITS1_ITS2_Dominica;size=1	*
Thelephora_UDB06027904_TUE002020_ITS1_ITS2_Dominica;size=1	*
Thelephora_UDB06028207_TUE002021_ITS1_ITS2_Dominica;size=1	*
Thelephora_UDB06028306_TUE002021_ITS1_ITS2_Dominica;size=1	Thelephora_UDB06028283_TUE002021_ITS1_ITS2_Dominica;size=1
Thelephora_UDB06028317_TUE002021_ITS1_ITS2_Dominica;size=1	*
Thelephora_UDB06028513_TUE002022_ITS1_ITS2_Dominica;size=1	*
Thelephora_UDB06027685_TUE002018_ITS1_ITS2_Dominica;size=1	*
Thelephora_UDB06027703_TUE002018_ITS1_ITS2_Dominica;size=1	Thelephora_UDB06027685_TUE002018_ITS1_ITS2_Dominica;size=1
Thelephora_UDB06028258_TUE002021_ITS1_ITS2_Dominica;size=1	*
Thelephora_UDB06028300_TUE002021_ITS1_ITS2_Dominica;size=1	*
Thelephora_UDB06028933_TUE002022_ITS1_ITS2_Dominica;size=1	*
Thelephora_UDB06027495_TUE002018_ITS1_ITS2_Dominica;size=1	Thelephora_UDB06027685_TUE002018_ITS1_ITS2_Dominica;size=1
Thelephora_UDB06027507_TUE002018_ITS1_ITS2_Dominica;size=1	Thelephora_UDB06027685_TUE002018_ITS1_ITS2_Dominica;size=1
Thelephora_UDB06027526_TUE002018_ITS1_ITS2_Dominica;size=1	Thelephora_UDB06027685_TUE002018_ITS1_ITS2_Dominica;size=1
Thelephora_UDB06027670_TUE002018_ITS1_ITS2_Dominica;size=1	Thelephora_UDB06027685_TUE002018_ITS1_ITS2_Dominica;size=1
Thelephora_UDB06027672_TUE002018_ITS1_ITS2_Dominica;size=1	Thelephora_UDB06027685_TUE002018_ITS1_ITS2_Dominica;size=1
Thelephora_UDB06027674_TUE002018_ITS1_ITS2_Dominica;size=1	Thelephora_UDB06027685_TUE002018_ITS1_ITS2_Dominica;size=1
Thelephora_UDB06027676_TUE002018_ITS1_ITS2_Dominica;size=1	Thelephora_UDB06027685_TUE002018_ITS1_ITS2_Dominica;size=1
Thelephora_UDB06027678_TUE002018_ITS1_ITS2_Dominica;size=1	Thelephora_UDB06027685_TUE002018_ITS1_ITS2_Dominica;size=1
Thelephora_UDB06027680_TUE002018_ITS1_ITS2_Dominica;size=1	Thelephora_UDB06027685_TUE002018_ITS1_ITS2_Dominica;size=1
Thelephora_UDB06027682_TUE002018_ITS1_ITS2_Dominica;size=1	Thelephora_UDB06027685_TUE002018_ITS1_ITS2_Dominica;size=1
Thelephora_UDB06027687_TUE002018_ITS1_ITS2_Dominica;size=1	Thelephora_UDB06027685_TUE002018_ITS1_ITS2_Dominica;size=1
Thelephora_UDB06027689_TUE002018_ITS1_ITS2_Dominica;size=1	Thelephora_UDB06027685_TUE002018_ITS1_ITS2_Dominica;size=1
Thelephora_UDB06027691_TUE002018_ITS1_ITS2_Dominica;size=1	Thelephora_UDB06027685_TUE002018_ITS1_ITS2_Dominica;size=1
Thelephora_UDB06027693_TUE002018_ITS1_ITS2_Dominica;size=1	Thelephora_UDB06027685_TUE002018_ITS1_ITS2_Dominica;size=1
Thelephora_UDB06027695_TUE002018_ITS1_ITS2_Dominica;size=1	Thelephora_UDB06027685_TUE002018_ITS1_ITS2_Dominica;size=1
Thelephora_UDB06027697_TUE002018_ITS1_ITS2_Dominica;size=1	Thelephora_UDB06027685_TUE002018_ITS1_ITS2_Dominica;size=1
Thelephora_UDB06027699_TUE002018_ITS1_ITS2_Dominica;size=1	Thelephora_UDB06027685_TUE002018_ITS1_ITS2_Dominica;size=1
Thelephora_UDB06027701_TUE002018_ITS1_ITS2_Dominica;size=1	Thelephora_UDB06027685_TUE002018_ITS1_ITS2_Dominica;size=1
Thelephora_UDB06027705_TUE002018_ITS1_ITS2_Dominica;size=1	Thelephora_UDB06027685_TUE002018_ITS1_ITS2_Dominica;size=1
Thelephora_UDB06027709_TUE002018_ITS1_ITS2_Dominica;size=1	Thelephora_UDB06027685_TUE002018_ITS1_ITS2_Dominica;size=1
Thelephora_UDB06027711_TUE002018_ITS1_ITS2_Dominica;size=1	Thelephora_UDB06027685_TUE002018_ITS1_ITS2_Dominica;size=1
Thelephora_UDB06027715_TUE002018_ITS1_ITS2_Dominica;size=1	Thelephora_UDB06027685_TUE002018_ITS1_ITS2_Dominica;size=1
Thelephora_UDB06027717_TUE002018_ITS1_ITS2_Dominica;size=1	Thelephora_UDB06027685_TUE002018_ITS1_ITS2_Dominica;size=1
Thelephora_UDB06027719_TUE002018_ITS1_ITS2_Dominica;size=1	Thelephora_UDB06027685_TUE002018_ITS1_ITS2_Dominica;size=1
Thelephora_UDB06028404_TUE002022_ITS1_ITS2_Dominica;size=1	*
Thelephora_UDB06028461_TUE002022_ITS1_ITS2_Dominica;size=1	*
Thelephora_UDB06027639_TUE002018_ITS1_ITS2_Dominica;size=1	*
Thelephora_UDB06027643_TUE002018_ITS1_ITS2_Dominica;size=1	Thelephora_UDB06027639_TUE002018_ITS1_ITS2_Dominica;size=1
Thelephora_UDB06027921_TUE002020_ITS1_ITS2_Dominica;size=1	*
Thelephora_UDB06028116_TUE002021_ITS1_ITS2_Dominica;size=1	*
Thelephora_UDB06028239_TUE002021_ITS1_ITS2_Dominica;size=1	Thelephora_UDB06028283_TUE002021_ITS1_ITS2_Dominica;size=1
Thelephora_UDB06028257_TUE002021_ITS1_ITS2_Dominica;size=1	Thelephora_UDB06028317_TUE002021_ITS1_ITS2_Dominica;size=1
Thelephora_UDB06028402_TUE002022_ITS1_ITS2_Dominica;size=1	Thelephora_UDB06028461_TUE002022_ITS1_ITS2_Dominica;size=1
Thelephora_UDB06028774_TUE002022_ITS1_ITS2_Dominica;size=1	*
Thelephora_UDB06027623_TUE002018_ITS1_ITS2_Dominica;size=1	Thelephora_UDB06027639_TUE002018_ITS1_ITS2_Dominica;size=1
Thelephora_UDB06027645_TUE002018_ITS1_ITS2_Dominica;size=1	Thelephora_UDB06027639_TUE002018_ITS1_ITS2_Dominica;size=1
Thelephora_UDB06027707_TUE002018_ITS1_ITS2_Dominica;size=1	Thelephora_UDB06027685_TUE002018_ITS1_ITS2_Dominica;size=1
Thelephora_UDB06027713_TUE002018_ITS1_ITS2_Dominica;size=1	Thelephora_UDB06027685_TUE002018_ITS1_ITS2_Dominica;size=1
Thelephora_UDB06027721_TUE002018_ITS1_ITS2_Dominica;size=1	Thelephora_UDB06027685_TUE002018_ITS1_ITS2_Dominica;size=1
Thelephora_UDB06027811_TUE002020_ITS1_ITS2_Dominica;size=1	Thelephora_UDB06027921_TUE002020_ITS1_ITS2_Dominica;size=1
Thelephora_UDB06027935_TUE002020_ITS1_ITS2_Dominica;size=1	Thelephora_UDB06028317_TUE002021_ITS1_ITS2_Dominica;size=1
Thelephora_UDB06027943_TUE002020_ITS1_ITS2_Dominica;size=1	Thelephora_UDB06028283_TUE002021_ITS1_ITS2_Dominica;size=1
Thelephora_UDB06028034_TUE002021_ITS1_ITS2_Dominica;size=1	*
Thelephora_UDB06028042_TUE002021_ITS1_ITS2_Dominica;size=1	*
Thelephora_UDB06028074_TUE002021_ITS1_ITS2_Dominica;size=1	*
Thelephora_UDB06028107_TUE002021_ITS1_ITS2_Dominica;size=1	Thelephora_UDB06028074_TUE002021_ITS1_ITS2_Dominica;size=1
Thelephora_UDB06028218_TUE002021_ITS1_ITS2_Dominica;size=1	Thelephora_UDB06028283_TUE002021_ITS1_ITS2_Dominica;size=1
Thelephora_UDB06028227_TUE002021_ITS1_ITS2_Dominica;size=1	Thelephora_UDB06028317_TUE002021_ITS1_ITS2_Dominica;size=1
Thelephora_UDB06028261_TUE002021_ITS1_ITS2_Dominica;size=1	Thelephora_UDB06028207_TUE002021_ITS1_ITS2_Dominica;size=1
Thelephora_UDB06028265_TUE002021_ITS1_ITS2_Dominica;size=1	Thelephora_UDB06028283_TUE002021_ITS1_ITS2_Dominica;size=1
Thelephora_UDB06028296_TUE002021_ITS1_ITS2_Dominica;size=1	Thelephora_UDB06028317_TUE002021_ITS1_ITS2_Dominica;size=1
Thelephora_UDB06028302_TUE002021_ITS1_ITS2_Dominica;size=1	Thelephora_UDB06028317_TUE002021_ITS1_ITS2_Dominica;size=1
Thelephora_UDB06028315_TUE002021_ITS1_ITS2_Dominica;size=1	Thelephora_UDB06028317_TUE002021_ITS1_ITS2_Dominica;size=1
Thelephora_UDB06028457_TUE002022_ITS1_ITS2_Dominica;size=1	Thelephora_UDB06028461_TUE002022_ITS1_ITS2_Dominica;size=1
Thelephora_UDB06028651_TUE002022_ITS1_ITS2_Dominica;size=1	Thelephora_UDB06028461_TUE002022_ITS1_ITS2_Dominica;size=1
Thelephora_UDB06028678_TUE002022_ITS1_ITS2_Dominica;size=1	*
Thelephora_UDB06028859_TUE002022_ITS1_ITS2_Dominica;size=1	*
Thelephora_UDB06028917_TUE002022_ITS1_ITS2_Dominica;size=1	*
Thelephora_UDB06027493_TUE002018_ITS1_ITS2_Dominica;size=1	Thelephora_UDB06027639_TUE002018_ITS1_ITS2_Dominica;size=1
Thelephora_UDB06027617_TUE002018_ITS1_ITS2_Dominica;size=1	Thelephora_UDB06027639_TUE002018_ITS1_ITS2_Dominica;size=1
Thelephora_UDB06027621_TUE002018_ITS1_ITS2_Dominica;size=1	Thelephora_UDB06027639_TUE002018_ITS1_ITS2_Dominica;size=1
Thelephora_UDB06027625_TUE002018_ITS1_ITS2_Dominica;size=1	Thelephora_UDB06027639_TUE002018_ITS1_ITS2_Dominica;size=1
Thelephora_UDB06027630_TUE002018_ITS1_ITS2_Dominica;size=1	Thelephora_UDB06027639_TUE002018_ITS1_ITS2_Dominica;size=1
Thelephora_UDB06027632_TUE002018_ITS1_ITS2_Dominica;size=1	Thelephora_UDB06027639_TUE002018_ITS1_ITS2_Dominica;size=1
Thelephora_UDB06027635_TUE002018_ITS1_ITS2_Dominica;size=1	Thelephora_UDB06027639_TUE002018_ITS1_ITS2_Dominica;size=1
Thelephora_UDB06027637_TUE002018_ITS1_ITS2_Dominica;size=1	Thelephora_UDB06027639_TUE002018_ITS1_ITS2_Dominica;size=1
Thelephora_UDB06027641_TUE002018_ITS1_ITS2_Dominica;size=1	Thelephora_UDB06027639_TUE002018_ITS1_ITS2_Dominica;size=1
Thelephora_UDB06027647_TUE002018_ITS1_ITS2_Dominica;size=1	Thelephora_UDB06027662_TUE002018_ITS1_ITS2_Dominica;size=1
Thelephora_UDB06027659_TUE002018_ITS1_ITS2_Dominica;size=1	Thelephora_UDB06027639_TUE002018_ITS1_ITS2_Dominica;size=1
Thelephora_UDB06027660_TUE002018_ITS1_ITS2_Dominica;size=1	Thelephora_UDB06027639_TUE002018_ITS1_ITS2_Dominica;size=1
Thelephora_UDB06027661_TUE002018_ITS1_ITS2_Dominica;size=1	Thelephora_UDB06027639_TUE002018_ITS1_ITS2_Dominica;size=1
Thelephora_UDB06027787_TUE002018_ITS1_ITS2_Dominica;size=1	Thelephora_JX548257_ITS1_ITS2_Dominica;size=1
Thelephora_UDB06027862_TUE002020_ITS1_ITS2_Dominica;size=1	*
Thelephora_UDB06027875_TUE002020_ITS1_ITS2_Dominica;size=1	Thelephora_UDB06027862_TUE002020_ITS1_ITS2_Dominica;size=1
Thelephora_UDB06027877_TUE002020_ITS1_ITS2_Dominica;size=1	Thelephora_UDB06027862_TUE002020_ITS1_ITS2_Dominica;size=1
Thelephora_UDB06027969_TUE002020_ITS1_ITS2_Dominica;size=1	Thelephora_UDB06028317_TUE002021_ITS1_ITS2_Dominica;size=1
Thelephora_UDB06028031_TUE002021_ITS1_ITS2_Dominica;size=1	Thelephora_UDB06028034_TUE002021_ITS1_ITS2_Dominica;size=1
Thelephora_UDB06028046_TUE002021_ITS1_ITS2_Dominica;size=1	Thelephora_UDB06028042_TUE002021_ITS1_ITS2_Dominica;size=1
Thelephora_UDB06028203_TUE002021_ITS1_ITS2_Dominica;size=1	Thelephora_UDB06028317_TUE002021_ITS1_ITS2_Dominica;size=1
Thelephora_UDB06028205_TUE002021_ITS1_ITS2_Dominica;size=1	Thelephora_UDB06028283_TUE002021_ITS1_ITS2_Dominica;size=1
Thelephora_UDB06028211_TUE002021_ITS1_ITS2_Dominica;size=1	Thelephora_UDB06028207_TUE002021_ITS1_ITS2_Dominica;size=1
Thelephora_UDB06028233_TUE002021_ITS1_ITS2_Dominica;size=1	Thelephora_UDB06028283_TUE002021_ITS1_ITS2_Dominica;size=1
Thelephora_UDB06028263_TUE002021_ITS1_ITS2_Dominica;size=1	Thelephora_UDB06028207_TUE002021_ITS1_ITS2_Dominica;size=1
Thelephora_UDB06028264_TUE002021_ITS1_ITS2_Dominica;size=1	Thelephora_UDB06028317_TUE002021_ITS1_ITS2_Dominica;size=1
Thelephora_UDB06028267_TUE002021_ITS1_ITS2_Dominica;size=1	Thelephora_UDB06028317_TUE002021_ITS1_ITS2_Dominica;size=1
Thelephora_UDB06028293_TUE002021_ITS1_ITS2_Dominica;size=1	Thelephora_UDB06028317_TUE002021_ITS1_ITS2_Dominica;size=1
Thelephora_UDB06028421_TUE002022_ITS1_ITS2_Dominica;size=1	Thelephora_UDB06028678_TUE002022_ITS1_ITS2_Dominica;size=1
Thelephora_UDB06028462_TUE002022_ITS1_ITS2_Dominica;size=1	Thelephora_UDB06028461_TUE002022_ITS1_ITS2_Dominica;size=1
Thelephora_UDB06028663_TUE002022_ITS1_ITS2_Dominica;size=1	Thelephora_UDB06028461_TUE002022_ITS1_ITS2_Dominica;size=1
Thelephora_UDB06028726_TUE002022_ITS1_ITS2_Dominica;size=1	*
Thelephora_UDB06028776_TUE002022_ITS1_ITS2_Dominica;size=1	*
Thelephora_UDB06027607_TUE002018_ITS1_ITS2_Dominica;size=1	*
Thelephora_UDB06027619_TUE002018_ITS1_ITS2_Dominica;size=1	Thelephora_UDB06027639_TUE002018_ITS1_ITS2_Dominica;size=1
Thelephora_UDB06027797_TUE002020_ITS1_ITS2_Dominica;size=1	Thelephora_UDB06028317_TUE002021_ITS1_ITS2_Dominica;size=1
Thelephora_UDB06027799_TUE002020_ITS1_ITS2_Dominica;size=1	Thelephora_UDB06028317_TUE002021_ITS1_ITS2_Dominica;size=1
Thelephora_UDB06027806_TUE002020_ITS1_ITS2_Dominica;size=1	*
Thelephora_UDB06027807_TUE002020_ITS1_ITS2_Dominica;size=1	Thelephora_UDB06028317_TUE002021_ITS1_ITS2_Dominica;size=1
Thelephora_UDB06027813_TUE002020_ITS1_ITS2_Dominica;size=1	Thelephora_UDB06028317_TUE002021_ITS1_ITS2_Dominica;size=1
Thelephora_UDB06027826_TUE002020_ITS1_ITS2_Dominica;size=1	Thelephora_UDB06027862_TUE002020_ITS1_ITS2_Dominica;size=1
Thelephora_UDB06027832_TUE002020_ITS1_ITS2_Dominica;size=1	Thelephora_UDB06027862_TUE002020_ITS1_ITS2_Dominica;size=1
Thelephora_UDB06027867_TUE002020_ITS1_ITS2_Dominica;size=1	Thelephora_UDB06027862_TUE002020_ITS1_ITS2_Dominica;size=1
Thelephora_UDB06027883_TUE002020_ITS1_ITS2_Dominica;size=1	Thelephora_UDB06027862_TUE002020_ITS1_ITS2_Dominica;size=1
Thelephora_UDB06027910_TUE002020_ITS1_ITS2_Dominica;size=1	Thelephora_UDB06027806_TUE002020_ITS1_ITS2_Dominica;size=1
Thelephora_UDB06027912_TUE002020_ITS1_ITS2_Dominica;size=1	Thelephora_UDB06027806_TUE002020_ITS1_ITS2_Dominica;size=1
Thelephora_UDB06027913_TUE002020_ITS1_ITS2_Dominica;size=1	Thelephora_UDB06027806_TUE002020_ITS1_ITS2_Dominica;size=1
Thelephora_UDB06027915_TUE002020_ITS1_ITS2_Dominica;size=1	Thelephora_UDB06027806_TUE002020_ITS1_ITS2_Dominica;size=1
Thelephora_UDB06027917_TUE002020_ITS1_ITS2_Dominica;size=1	Thelephora_UDB06027806_TUE002020_ITS1_ITS2_Dominica;size=1
Thelephora_UDB06027919_TUE002020_ITS1_ITS2_Dominica;size=1	Thelephora_UDB06027806_TUE002020_ITS1_ITS2_Dominica;size=1
Thelephora_UDB06027930_TUE002020_ITS1_ITS2_Dominica;size=1	Thelephora_UDB06028317_TUE002021_ITS1_ITS2_Dominica;size=1
Thelephora_UDB06027932_TUE002020_ITS1_ITS2_Dominica;size=1	Thelephora_UDB06028317_TUE002021_ITS1_ITS2_Dominica;size=1
Thelephora_UDB06027933_TUE002020_ITS1_ITS2_Dominica;size=1	Thelephora_UDB06028317_TUE002021_ITS1_ITS2_Dominica;size=1
Thelephora_UDB06027937_TUE002020_ITS1_ITS2_Dominica;size=1	Thelephora_UDB06028317_TUE002021_ITS1_ITS2_Dominica;size=1
Thelephora_UDB06027939_TUE002020_ITS1_ITS2_Dominica;size=1	Thelephora_UDB06028317_TUE002021_ITS1_ITS2_Dominica;size=1
Thelephora_UDB06027941_TUE002020_ITS1_ITS2_Dominica;size=1	Thelephora_UDB06028317_TUE002021_ITS1_ITS2_Dominica;size=1
Thelephora_UDB06027945_TUE002020_ITS1_ITS2_Dominica;size=1	Thelephora_UDB06028317_TUE002021_ITS1_ITS2_Dominica;size=1
Thelephora_UDB06027947_TUE002020_ITS1_ITS2_Dominica;size=1	Thelephora_UDB06028317_TUE002021_ITS1_ITS2_Dominica;size=1
Thelephora_UDB06027949_TUE002020_ITS1_ITS2_Dominica;size=1	Thelephora_UDB06028317_TUE002021_ITS1_ITS2_Dominica;size=1
Thelephora_UDB06027951_TUE002020_ITS1_ITS2_Dominica;size=1	Thelephora_UDB06028317_TUE002021_ITS1_ITS2_Dominica;size=1
Thelephora_UDB06027952_TUE002020_ITS1_ITS2_Dominica;size=1	Thelephora_UDB06028317_TUE002021_ITS1_ITS2_Dominica;size=1
Thelephora_UDB06027956_TUE002020_ITS1_ITS2_Dominica;size=1	Thelephora_UDB06028317_TUE002021_ITS1_ITS2_Dominica;size=1
Thelephora_UDB06027958_TUE002020_ITS1_ITS2_Dominica;size=1	Thelephora_UDB06028317_TUE002021_ITS1_ITS2_Dominica;size=1
Thelephora_UDB06027960_TUE002020_ITS1_ITS2_Dominica;size=1	Thelephora_UDB06028317_TUE002021_ITS1_ITS2_Dominica;size=1
Thelephora_UDB06027963_TUE002020_ITS1_ITS2_Dominica;size=1	Thelephora_UDB06028317_TUE002021_ITS1_ITS2_Dominica;size=1
Thelephora_UDB06027965_TUE002020_ITS1_ITS2_Dominica;size=1	Thelephora_UDB06028317_TUE002021_ITS1_ITS2_Dominica;size=1
Thelephora_UDB06027967_TUE002020_ITS1_ITS2_Dominica;size=1	Thelephora_UDB06028317_TUE002021_ITS1_ITS2_Dominica;size=1
Thelephora_UDB06027971_TUE002020_ITS1_ITS2_Dominica;size=1	Thelephora_UDB06028317_TUE002021_ITS1_ITS2_Dominica;size=1
Thelephora_UDB06027973_TUE002020_ITS1_ITS2_Dominica;size=1	Thelephora_UDB06028317_TUE002021_ITS1_ITS2_Dominica;size=1
Thelephora_UDB06027975_TUE002020_ITS1_ITS2_Dominica;size=1	Thelephora_UDB06028317_TUE002021_ITS1_ITS2_Dominica;size=1
Thelephora_UDB06027977_TUE002020_ITS1_ITS2_Dominica;size=1	Thelephora_UDB06028317_TUE002021_ITS1_ITS2_Dominica;size=1
Thelephora_UDB06027979_TUE002020_ITS1_ITS2_Dominica;size=1	Thelephora_UDB06028317_TUE002021_ITS1_ITS2_Dominica;size=1
Thelephora_UDB06027981_TUE002020_ITS1_ITS2_Dominica;size=1	Thelephora_UDB06028317_TUE002021_ITS1_ITS2_Dominica;size=1
Thelephora_UDB06027983_TUE002020_ITS1_ITS2_Dominica;size=1	Thelephora_UDB06028317_TUE002021_ITS1_ITS2_Dominica;size=1
Thelephora_UDB06027993_TUE002021_ITS1_ITS2_Dominica;size=1	Thelephora_UDB06028207_TUE002021_ITS1_ITS2_Dominica;size=1
Thelephora_UDB06027996_TUE002021_ITS1_ITS2_Dominica;size=1	Thelephora_UDB06028317_TUE002021_ITS1_ITS2_Dominica;size=1
Thelephora_UDB06028011_TUE002021_ITS1_ITS2_Dominica;size=1	Thelephora_UDB06028317_TUE002021_ITS1_ITS2_Dominica;size=1
Thelephora_UDB06028019_TUE002021_ITS1_ITS2_Dominica;size=1	Thelephora_UDB06028317_TUE002021_ITS1_ITS2_Dominica;size=1
Thelephora_UDB06028025_TUE002021_ITS1_ITS2_Dominica;size=1	Thelephora_UDB06028317_TUE002021_ITS1_ITS2_Dominica;size=1
Thelephora_UDB06028044_TUE002021_ITS1_ITS2_Dominica;size=1	Thelephora_UDB06028042_TUE002021_ITS1_ITS2_Dominica;size=1
Thelephora_UDB06028201_TUE002021_ITS1_ITS2_Dominica;size=1	Thelephora_UDB06028207_TUE002021_ITS1_ITS2_Dominica;size=1
Thelephora_UDB06028209_TUE002021_ITS1_ITS2_Dominica;size=1	Thelephora_UDB06028317_TUE002021_ITS1_ITS2_Dominica;size=1
Thelephora_UDB06028213_TUE002021_ITS1_ITS2_Dominica;size=1	Thelephora_UDB06028317_TUE002021_ITS1_ITS2_Dominica;size=1
Thelephora_UDB06028215_TUE002021_ITS1_ITS2_Dominica;size=1	Thelephora_UDB06028207_TUE002021_ITS1_ITS2_Dominica;size=1
Thelephora_UDB06028216_TUE002021_ITS1_ITS2_Dominica;size=1	Thelephora_UDB06028317_TUE002021_ITS1_ITS2_Dominica;size=1
Thelephora_UDB06028220_TUE002021_ITS1_ITS2_Dominica;size=1	Thelephora_UDB06028317_TUE002021_ITS1_ITS2_Dominica;size=1
Thelephora_UDB06028224_TUE002021_ITS1_ITS2_Dominica;size=1	Thelephora_UDB06028207_TUE002021_ITS1_ITS2_Dominica;size=1
Thelephora_UDB06028226_TUE002021_ITS1_ITS2_Dominica;size=1	Thelephora_UDB06028317_TUE002021_ITS1_ITS2_Dominica;size=1
Thelephora_UDB06028229_TUE002021_ITS1_ITS2_Dominica;size=1	Thelephora_UDB06028317_TUE002021_ITS1_ITS2_Dominica;size=1
Thelephora_UDB06028231_TUE002021_ITS1_ITS2_Dominica;size=1	Thelephora_UDB06028317_TUE002021_ITS1_ITS2_Dominica;size=1
Thelephora_UDB06028235_TUE002021_ITS1_ITS2_Dominica;size=1	Thelephora_UDB06028317_TUE002021_ITS1_ITS2_Dominica;size=1
Thelephora_UDB06028237_TUE002021_ITS1_ITS2_Dominica;size=1	Thelephora_UDB06028317_TUE002021_ITS1_ITS2_Dominica;size=1
Thelephora_UDB06028256_TUE002021_ITS1_ITS2_Dominica;size=1	Thelephora_UDB06028317_TUE002021_ITS1_ITS2_Dominica;size=1
Thelephora_UDB06028259_TUE002021_ITS1_ITS2_Dominica;size=1	Thelephora_UDB06028317_TUE002021_ITS1_ITS2_Dominica;size=1
Thelephora_UDB06028260_TUE002021_ITS1_ITS2_Dominica;size=1	Thelephora_UDB06028317_TUE002021_ITS1_ITS2_Dominica;size=1
Thelephora_UDB06028262_TUE002021_ITS1_ITS2_Dominica;size=1	Thelephora_UDB06028317_TUE002021_ITS1_ITS2_Dominica;size=1
Thelephora_UDB06028266_TUE002021_ITS1_ITS2_Dominica;size=1	Thelephora_UDB06028317_TUE002021_ITS1_ITS2_Dominica;size=1
Thelephora_UDB06028268_TUE002021_ITS1_ITS2_Dominica;size=1	Thelephora_UDB06028317_TUE002021_ITS1_ITS2_Dominica;size=1
Thelephora_UDB06028270_TUE002021_ITS1_ITS2_Dominica;size=1	Thelephora_UDB06028317_TUE002021_ITS1_ITS2_Dominica;size=1
Thelephora_UDB06028272_TUE002021_ITS1_ITS2_Dominica;size=1	Thelephora_UDB06028317_TUE002021_ITS1_ITS2_Dominica;size=1
Thelephora_UDB06028274_TUE002021_ITS1_ITS2_Dominica;size=1	Thelephora_UDB06028300_TUE002021_ITS1_ITS2_Dominica;size=1
Thelephora_UDB06028276_TUE002021_ITS1_ITS2_Dominica;size=1	Thelephora_UDB06028317_TUE002021_ITS1_ITS2_Dominica;size=1
Thelephora_UDB06028277_TUE002021_ITS1_ITS2_Dominica;size=1	Thelephora_UDB06028317_TUE002021_ITS1_ITS2_Dominica;size=1
Thelephora_UDB06028279_TUE002021_ITS1_ITS2_Dominica;size=1	Thelephora_UDB06028317_TUE002021_ITS1_ITS2_Dominica;size=1
Thelephora_UDB06028281_TUE002021_ITS1_ITS2_Dominica;size=1	Thelephora_UDB06028317_TUE002021_ITS1_ITS2_Dominica;size=1
Thelephora_UDB06028285_TUE002021_ITS1_ITS2_Dominica;size=1	Thelephora_UDB06028300_TUE002021_ITS1_ITS2_Dominica;size=1
Thelephora_UDB06028286_TUE002021_ITS1_ITS2_Dominica;size=1	Thelephora_UDB06028317_TUE002021_ITS1_ITS2_Dominica;size=1
Thelephora_UDB06028289_TUE002021_ITS1_ITS2_Dominica;size=1	Thelephora_UDB06028317_TUE002021_ITS1_ITS2_Dominica;size=1
Thelephora_UDB06028291_TUE002021_ITS1_ITS2_Dominica;size=1	Thelephora_UDB06028317_TUE002021_ITS1_ITS2_Dominica;size=1
Thelephora_UDB06028295_TUE002021_ITS1_ITS2_Dominica;size=1	Thelephora_UDB06028317_TUE002021_ITS1_ITS2_Dominica;size=1
Thelephora_UDB06028298_TUE002021_ITS1_ITS2_Dominica;size=1	Thelephora_UDB06028317_TUE002021_ITS1_ITS2_Dominica;size=1
Thelephora_UDB06028304_TUE002021_ITS1_ITS2_Dominica;size=1	Thelephora_UDB06028317_TUE002021_ITS1_ITS2_Dominica;size=1
Thelephora_UDB06028308_TUE002021_ITS1_ITS2_Dominica;size=1	Thelephora_UDB06028317_TUE002021_ITS1_ITS2_Dominica;size=1
Thelephora_UDB06028310_TUE002021_ITS1_ITS2_Dominica;size=1	Thelephora_UDB06028317_TUE002021_ITS1_ITS2_Dominica;size=1
Thelephora_UDB06028312_TUE002021_ITS1_ITS2_Dominica;size=1	Thelephora_UDB06028207_TUE002021_ITS1_ITS2_Dominica;size=1
Thelephora_UDB06028314_TUE002021_ITS1_ITS2_Dominica;size=1	Thelephora_UDB06028317_TUE002021_ITS1_ITS2_Dominica;size=1
Thelephora_UDB06028319_TUE002021_ITS1_ITS2_Dominica;size=1	Thelephora_UDB06028317_TUE002021_ITS1_ITS2_Dominica;size=1
Thelephora_UDB06028321_TUE002021_ITS1_ITS2_Dominica;size=1	Thelephora_UDB06028317_TUE002021_ITS1_ITS2_Dominica;size=1
Thelephora_UDB06028323_TUE002021_ITS1_ITS2_Dominica;size=1	Thelephora_UDB06028317_TUE002021_ITS1_ITS2_Dominica;size=1
Thelephora_UDB06028327_TUE002021_ITS1_ITS2_Dominica;size=1	Thelephora_UDB06028317_TUE002021_ITS1_ITS2_Dominica;size=1
Thelephora_UDB06028341_TUE002022_ITS1_ITS2_Dominica;size=1	Thelephora_UDB06028726_TUE002022_ITS1_ITS2_Dominica;size=1
Thelephora_UDB06028370_TUE002022_ITS1_ITS2_Dominica;size=1	Thelephora_UDB06028726_TUE002022_ITS1_ITS2_Dominica;size=1
Thelephora_UDB06028393_TUE002022_ITS1_ITS2_Dominica;size=1	Thelephora_UDB06028461_TUE002022_ITS1_ITS2_Dominica;size=1
Thelephora_UDB06028463_TUE002022_ITS1_ITS2_Dominica;size=1	Thelephora_UDB06028678_TUE002022_ITS1_ITS2_Dominica;size=1
Thelephora_UDB06028481_TUE002022_ITS1_ITS2_Dominica;size=1	Thelephora_UDB06028678_TUE002022_ITS1_ITS2_Dominica;size=1
Thelephora_UDB06028619_TUE002022_ITS1_ITS2_Dominica;size=1	Thelephora_UDB06028461_TUE002022_ITS1_ITS2_Dominica;size=1
Thelephora_UDB06028682_TUE002022_ITS1_ITS2_Dominica;size=1	Thelephora_UDB06028461_TUE002022_ITS1_ITS2_Dominica;size=1
Thelephora_UDB06028703_TUE002022_ITS1_ITS2_Dominica;size=1	Thelephora_UDB06028726_TUE002022_ITS1_ITS2_Dominica;size=1
Thelephora_UDB06028705_TUE002022_ITS1_ITS2_Dominica;size=1	Thelephora_UDB06028726_TUE002022_ITS1_ITS2_Dominica;size=1
Thelephora_UDB06028707_TUE002022_ITS1_ITS2_Dominica;size=1	Thelephora_UDB06028726_TUE002022_ITS1_ITS2_Dominica;size=1
Thelephora_UDB06028709_TUE002022_ITS1_ITS2_Dominica;size=1	Thelephora_UDB06028726_TUE002022_ITS1_ITS2_Dominica;size=1
Thelephora_UDB06028710_TUE002022_ITS1_ITS2_Dominica;size=1	Thelephora_UDB06028726_TUE002022_ITS1_ITS2_Dominica;size=1
Thelephora_UDB06028712_TUE002022_ITS1_ITS2_Dominica;size=1	Thelephora_UDB06028726_TUE002022_ITS1_ITS2_Dominica;size=1
Thelephora_UDB06028714_TUE002022_ITS1_ITS2_Dominica;size=1	Thelephora_UDB06028726_TUE002022_ITS1_ITS2_Dominica;size=1
Thelephora_UDB06028716_TUE002022_ITS1_ITS2_Dominica;size=1	Thelephora_UDB06028726_TUE002022_ITS1_ITS2_Dominica;size=1
Thelephora_UDB06028718_TUE002022_ITS1_ITS2_Dominica;size=1	Thelephora_UDB06028726_TUE002022_ITS1_ITS2_Dominica;size=1
Thelephora_UDB06028720_TUE002022_ITS1_ITS2_Dominica;size=1	Thelephora_UDB06028726_TUE002022_ITS1_ITS2_Dominica;size=1
Thelephora_UDB06028722_TUE002022_ITS1_ITS2_Dominica;size=1	Thelephora_UDB06028726_TUE002022_ITS1_ITS2_Dominica;size=1
Thelephora_UDB06028724_TUE002022_ITS1_ITS2_Dominica;size=1	Thelephora_UDB06028726_TUE002022_ITS1_ITS2_Dominica;size=1
Thelephora_UDB06028728_TUE002022_ITS1_ITS2_Dominica;size=1	Thelephora_UDB06028726_TUE002022_ITS1_ITS2_Dominica;size=1
Thelephora_UDB06028729_TUE002022_ITS1_ITS2_Dominica;size=1	Thelephora_UDB06028726_TUE002022_ITS1_ITS2_Dominica;size=1
Thelephora_UDB06028731_TUE002022_ITS1_ITS2_Dominica;size=1	Thelephora_UDB06028726_TUE002022_ITS1_ITS2_Dominica;size=1
Thelephora_UDB06028733_TUE002022_ITS1_ITS2_Dominica;size=1	Thelephora_UDB06028726_TUE002022_ITS1_ITS2_Dominica;size=1
Thelephora_UDB06028735_TUE002022_ITS1_ITS2_Dominica;size=1	Thelephora_UDB06028726_TUE002022_ITS1_ITS2_Dominica;size=1
Thelephora_UDB06028737_TUE002022_ITS1_ITS2_Dominica;size=1	Thelephora_UDB06028726_TUE002022_ITS1_ITS2_Dominica;size=1
Thelephora_UDB06028739_TUE002022_ITS1_ITS2_Dominica;size=1	Thelephora_UDB06028726_TUE002022_ITS1_ITS2_Dominica;size=1
Thelephora_UDB06028741_TUE002022_ITS1_ITS2_Dominica;size=1	Thelephora_UDB06028726_TUE002022_ITS1_ITS2_Dominica;size=1
Thelephora_UDB06028744_TUE002022_ITS1_ITS2_Dominica;size=1	Thelephora_UDB06028726_TUE002022_ITS1_ITS2_Dominica;size=1
Thelephora_UDB06028746_TUE002022_ITS1_ITS2_Dominica;size=1	Thelephora_UDB06028726_TUE002022_ITS1_ITS2_Dominica;size=1
Thelephora_UDB06028748_TUE002022_ITS1_ITS2_Dominica;size=1	Thelephora_UDB06028726_TUE002022_ITS1_ITS2_Dominica;size=1
Thelephora_UDB06028874_TUE002022_ITS1_ITS2_Dominica;size=1	Thelephora_UDB06028859_TUE002022_ITS1_ITS2_Dominica;size=1
Thelephora_UDB06027605_TUE002018_ITS1_ITS2_Dominica;size=1	Thelephora_UDB06027607_TUE002018_ITS1_ITS2_Dominica;size=1
Thelephora_UDB06027613_TUE002018_ITS1_ITS2_Dominica;size=1	Thelephora_UDB06027607_TUE002018_ITS1_ITS2_Dominica;size=1
Thelephora_UDB06027775_TUE002018_ITS1_ITS2_Dominica;size=1	Thelephora_JX548257_ITS1_ITS2_Dominica;size=1
Thelephora_UDB06027795_TUE002020_ITS1_ITS2_Dominica;size=1	Thelephora_UDB06027862_TUE002020_ITS1_ITS2_Dominica;size=1
Thelephora_UDB06027803_TUE002020_ITS1_ITS2_Dominica;size=1	Thelephora_UDB06027862_TUE002020_ITS1_ITS2_Dominica;size=1
Thelephora_UDB06027809_TUE002020_ITS1_ITS2_Dominica;size=1	Thelephora_UDB06027862_TUE002020_ITS1_ITS2_Dominica;size=1
Thelephora_UDB06027824_TUE002020_ITS1_ITS2_Dominica;size=1	Thelephora_UDB06027862_TUE002020_ITS1_ITS2_Dominica;size=1
Thelephora_UDB06027828_TUE002020_ITS1_ITS2_Dominica;size=1	Thelephora_UDB06027862_TUE002020_ITS1_ITS2_Dominica;size=1
Thelephora_UDB06027830_TUE002020_ITS1_ITS2_Dominica;size=1	Thelephora_UDB06027862_TUE002020_ITS1_ITS2_Dominica;size=1
Thelephora_UDB06027834_TUE002020_ITS1_ITS2_Dominica;size=1	Thelephora_UDB06027862_TUE002020_ITS1_ITS2_Dominica;size=1
Thelephora_UDB06027838_TUE002020_ITS1_ITS2_Dominica;size=1	Thelephora_UDB06027862_TUE002020_ITS1_ITS2_Dominica;size=1
Thelephora_UDB06027840_TUE002020_ITS1_ITS2_Dominica;size=1	Thelephora_UDB06027862_TUE002020_ITS1_ITS2_Dominica;size=1
Thelephora_UDB06027842_TUE002020_ITS1_ITS2_Dominica;size=1	Thelephora_UDB06027862_TUE002020_ITS1_ITS2_Dominica;size=1
Thelephora_UDB06027844_TUE002020_ITS1_ITS2_Dominica;size=1	Thelephora_UDB06027862_TUE002020_ITS1_ITS2_Dominica;size=1
Thelephora_UDB06027845_TUE002020_ITS1_ITS2_Dominica;size=1	Thelephora_UDB06027862_TUE002020_ITS1_ITS2_Dominica;size=1
Thelephora_UDB06027847_TUE002020_ITS1_ITS2_Dominica;size=1	Thelephora_UDB06027862_TUE002020_ITS1_ITS2_Dominica;size=1
Thelephora_UDB06027851_TUE002020_ITS1_ITS2_Dominica;size=1	Thelephora_UDB06027862_TUE002020_ITS1_ITS2_Dominica;size=1
Thelephora_UDB06027853_TUE002020_ITS1_ITS2_Dominica;size=1	Thelephora_UDB06027862_TUE002020_ITS1_ITS2_Dominica;size=1
Thelephora_UDB06027859_TUE002020_ITS1_ITS2_Dominica;size=1	Thelephora_UDB06027862_TUE002020_ITS1_ITS2_Dominica;size=1
Thelephora_UDB06027861_TUE002020_ITS1_ITS2_Dominica;size=1	Thelephora_UDB06027862_TUE002020_ITS1_ITS2_Dominica;size=1
Thelephora_UDB06027864_TUE002020_ITS1_ITS2_Dominica;size=1	Thelephora_UDB06027862_TUE002020_ITS1_ITS2_Dominica;size=1
Thelephora_UDB06027865_TUE002020_ITS1_ITS2_Dominica;size=1	Thelephora_UDB06027862_TUE002020_ITS1_ITS2_Dominica;size=1
Thelephora_UDB06027869_TUE002020_ITS1_ITS2_Dominica;size=1	Thelephora_UDB06027862_TUE002020_ITS1_ITS2_Dominica;size=1
Thelephora_UDB06027871_TUE002020_ITS1_ITS2_Dominica;size=1	Thelephora_UDB06027862_TUE002020_ITS1_ITS2_Dominica;size=1
Thelephora_UDB06027873_TUE002020_ITS1_ITS2_Dominica;size=1	Thelephora_UDB06027862_TUE002020_ITS1_ITS2_Dominica;size=1
Thelephora_UDB06027879_TUE002020_ITS1_ITS2_Dominica;size=1	Thelephora_UDB06027862_TUE002020_ITS1_ITS2_Dominica;size=1
Thelephora_UDB06027881_TUE002020_ITS1_ITS2_Dominica;size=1	Thelephora_UDB06027862_TUE002020_ITS1_ITS2_Dominica;size=1
Thelephora_UDB06027885_TUE002020_ITS1_ITS2_Dominica;size=1	Thelephora_UDB06027862_TUE002020_ITS1_ITS2_Dominica;size=1
Thelephora_UDB06027886_TUE002020_ITS1_ITS2_Dominica;size=1	Thelephora_UDB06027862_TUE002020_ITS1_ITS2_Dominica;size=1
Thelephora_UDB06027888_TUE002020_ITS1_ITS2_Dominica;size=1	Thelephora_UDB06027862_TUE002020_ITS1_ITS2_Dominica;size=1
Thelephora_UDB06027890_TUE002020_ITS1_ITS2_Dominica;size=1	Thelephora_UDB06027862_TUE002020_ITS1_ITS2_Dominica;size=1
Thelephora_UDB06027892_TUE002020_ITS1_ITS2_Dominica;size=1	Thelephora_UDB06027862_TUE002020_ITS1_ITS2_Dominica;size=1
Thelephora_UDB06027894_TUE002020_ITS1_ITS2_Dominica;size=1	Thelephora_UDB06027862_TUE002020_ITS1_ITS2_Dominica;size=1
Thelephora_UDB06027896_TUE002020_ITS1_ITS2_Dominica;size=1	Thelephora_UDB06027862_TUE002020_ITS1_ITS2_Dominica;size=1
Thelephora_UDB06027898_TUE002020_ITS1_ITS2_Dominica;size=1	Thelephora_UDB06027862_TUE002020_ITS1_ITS2_Dominica;size=1
Thelephora_UDB06027900_TUE002020_ITS1_ITS2_Dominica;size=1	Thelephora_UDB06027862_TUE002020_ITS1_ITS2_Dominica;size=1
Thelephora_UDB06027902_TUE002020_ITS1_ITS2_Dominica;size=1	Thelephora_UDB06027862_TUE002020_ITS1_ITS2_Dominica;size=1
Thelephora_UDB06027962_TUE002020_ITS1_ITS2_Dominica;size=1	Thelephora_UDB06028317_TUE002021_ITS1_ITS2_Dominica;size=1
Thelephora_UDB06027994_TUE002021_ITS1_ITS2_Dominica;size=1	Thelephora_UDB06028042_TUE002021_ITS1_ITS2_Dominica;size=1
Thelephora_UDB06027998_TUE002021_ITS1_ITS2_Dominica;size=1	Thelephora_UDB06028034_TUE002021_ITS1_ITS2_Dominica;size=1
Thelephora_UDB06028013_TUE002021_ITS1_ITS2_Dominica;size=1	Thelephora_UDB06028042_TUE002021_ITS1_ITS2_Dominica;size=1
Thelephora_UDB06028027_TUE002021_ITS1_ITS2_Dominica;size=1	Thelephora_UDB06028042_TUE002021_ITS1_ITS2_Dominica;size=1
Thelephora_UDB06028029_TUE002021_ITS1_ITS2_Dominica;size=1	Thelephora_UDB06028042_TUE002021_ITS1_ITS2_Dominica;size=1
Thelephora_UDB06028036_TUE002021_ITS1_ITS2_Dominica;size=1	Thelephora_UDB06028042_TUE002021_ITS1_ITS2_Dominica;size=1
Thelephora_UDB06028038_TUE002021_ITS1_ITS2_Dominica;size=1	Thelephora_UDB06028034_TUE002021_ITS1_ITS2_Dominica;size=1
Thelephora_UDB06028040_TUE002021_ITS1_ITS2_Dominica;size=1	Thelephora_UDB06028042_TUE002021_ITS1_ITS2_Dominica;size=1
Thelephora_UDB06028068_TUE002021_ITS1_ITS2_Dominica;size=1	Thelephora_UDB06028074_TUE002021_ITS1_ITS2_Dominica;size=1
Thelephora_UDB06028078_TUE002021_ITS1_ITS2_Dominica;size=1	Thelephora_UDB06028074_TUE002021_ITS1_ITS2_Dominica;size=1
Thelephora_UDB06028122_TUE002021_ITS1_ITS2_Dominica;size=1	Thelephora_UDB06028074_TUE002021_ITS1_ITS2_Dominica;size=1
Thelephora_UDB06028139_TUE002021_ITS1_ITS2_Dominica;size=1	Thelephora_UDB06028074_TUE002021_ITS1_ITS2_Dominica;size=1
Thelephora_UDB06028325_TUE002021_ITS1_ITS2_Dominica;size=1	Thelephora_UDB06028317_TUE002021_ITS1_ITS2_Dominica;size=1
Thelephora_UDB06028335_TUE002022_ITS1_ITS2_Dominica;size=1	Thelephora_UDB06028859_TUE002022_ITS1_ITS2_Dominica;size=1
Thelephora_UDB06028359_TUE002022_ITS1_ITS2_Dominica;size=1	Thelephora_UDB06028859_TUE002022_ITS1_ITS2_Dominica;size=1
Thelephora_UDB06028400_TUE002022_ITS1_ITS2_Dominica;size=1	Thelephora_UDB06028461_TUE002022_ITS1_ITS2_Dominica;size=1
Thelephora_UDB06028425_TUE002022_ITS1_ITS2_Dominica;size=1	Thelephora_UDB06028461_TUE002022_ITS1_ITS2_Dominica;size=1
Thelephora_UDB06028475_TUE002022_ITS1_ITS2_Dominica;size=1	Thelephora_UDB06028461_TUE002022_ITS1_ITS2_Dominica;size=1
Thelephora_UDB06028477_TUE002022_ITS1_ITS2_Dominica;size=1	Thelephora_UDB06028678_TUE002022_ITS1_ITS2_Dominica;size=1
Thelephora_UDB06028487_TUE002022_ITS1_ITS2_Dominica;size=1	Thelephora_UDB06028678_TUE002022_ITS1_ITS2_Dominica;size=1
Thelephora_UDB06028498_TUE002022_ITS1_ITS2_Dominica;size=1	Thelephora_UDB06028678_TUE002022_ITS1_ITS2_Dominica;size=1
Thelephora_UDB06028519_TUE002022_ITS1_ITS2_Dominica;size=1	Thelephora_UDB06028678_TUE002022_ITS1_ITS2_Dominica;size=1
Thelephora_UDB06028526_TUE002022_ITS1_ITS2_Dominica;size=1	Thelephora_UDB06028678_TUE002022_ITS1_ITS2_Dominica;size=1
Thelephora_UDB06028545_TUE002022_ITS1_ITS2_Dominica;size=1	Thelephora_UDB06028461_TUE002022_ITS1_ITS2_Dominica;size=1
Thelephora_UDB06028547_TUE002022_ITS1_ITS2_Dominica;size=1	Thelephora_UDB06028404_TUE002022_ITS1_ITS2_Dominica;size=1
Thelephora_UDB06028565_TUE002022_ITS1_ITS2_Dominica;size=1	Thelephora_UDB06028678_TUE002022_ITS1_ITS2_Dominica;size=1
Thelephora_UDB06028621_TUE002022_ITS1_ITS2_Dominica;size=1	Thelephora_UDB06028461_TUE002022_ITS1_ITS2_Dominica;size=1
Thelephora_UDB06028653_TUE002022_ITS1_ITS2_Dominica;size=1	Thelephora_UDB06028461_TUE002022_ITS1_ITS2_Dominica;size=1
Thelephora_UDB06028659_TUE002022_ITS1_ITS2_Dominica;size=1	Thelephora_UDB06028678_TUE002022_ITS1_ITS2_Dominica;size=1
Thelephora_UDB06028665_TUE002022_ITS1_ITS2_Dominica;size=1	Thelephora_UDB06028461_TUE002022_ITS1_ITS2_Dominica;size=1
Thelephora_UDB06028677_TUE002022_ITS1_ITS2_Dominica;size=1	Thelephora_UDB06028678_TUE002022_ITS1_ITS2_Dominica;size=1
Thelephora_UDB06028743_TUE002022_ITS1_ITS2_Dominica;size=1	Thelephora_UDB06028726_TUE002022_ITS1_ITS2_Dominica;size=1
Thelephora_UDB06028777_TUE002022_ITS1_ITS2_Dominica;size=1	Thelephora_UDB06028776_TUE002022_ITS1_ITS2_Dominica;size=1
Thelephora_UDB06028848_TUE002022_ITS1_ITS2_Dominica;size=1	Thelephora_UDB06028859_TUE002022_ITS1_ITS2_Dominica;size=1
Thelephora_UDB06028854_TUE002022_ITS1_ITS2_Dominica;size=1	Thelephora_UDB06028859_TUE002022_ITS1_ITS2_Dominica;size=1
Thelephora_UDB06028856_TUE002022_ITS1_ITS2_Dominica;size=1	Thelephora_UDB06028859_TUE002022_ITS1_ITS2_Dominica;size=1
Thelephora_UDB06028858_TUE002022_ITS1_ITS2_Dominica;size=1	Thelephora_UDB06028859_TUE002022_ITS1_ITS2_Dominica;size=1
Thelephora_UDB06028861_TUE002022_ITS1_ITS2_Dominica;size=1	Thelephora_UDB06028859_TUE002022_ITS1_ITS2_Dominica;size=1
Thelephora_UDB06028863_TUE002022_ITS1_ITS2_Dominica;size=1	Thelephora_UDB06028859_TUE002022_ITS1_ITS2_Dominica;size=1
Thelephora_UDB06028865_TUE002022_ITS1_ITS2_Dominica;size=1	Thelephora_UDB06028859_TUE002022_ITS1_ITS2_Dominica;size=1
Thelephora_UDB06028869_TUE002022_ITS1_ITS2_Dominica;size=1	Thelephora_UDB06028859_TUE002022_ITS1_ITS2_Dominica;size=1
Thelephora_UDB06028871_TUE002022_ITS1_ITS2_Dominica;size=1	Thelephora_UDB06028859_TUE002022_ITS1_ITS2_Dominica;size=1
Thelephora_UDB06028872_TUE002022_ITS1_ITS2_Dominica;size=1	Thelephora_UDB06028859_TUE002022_ITS1_ITS2_Dominica;size=1
Thelephora_UDB06028873_TUE002022_ITS1_ITS2_Dominica;size=1	Thelephora_UDB06028859_TUE002022_ITS1_ITS2_Dominica;size=1
Thelephora_UDB06028876_TUE002022_ITS1_ITS2_Dominica;size=1	*
Thelephora_UDB06028877_TUE002022_ITS1_ITS2_Dominica;size=1	Thelephora_UDB06028876_TUE002022_ITS1_ITS2_Dominica;size=1
Thelephora_UDB06028878_TUE002022_ITS1_ITS2_Dominica;size=1	Thelephora_UDB06028876_TUE002022_ITS1_ITS2_Dominica;size=1
Thelephora_UDB06028879_TUE002022_ITS1_ITS2_Dominica;size=1	Thelephora_UDB06028876_TUE002022_ITS1_ITS2_Dominica;size=1
Thelephora_UDB06028880_TUE002022_ITS1_ITS2_Dominica;size=1	*
Thelephora_UDB06027555_TUE002018_ITS1_ITS2_Dominica;size=1	*
Thelephora_UDB06027603_TUE002018_ITS1_ITS2_Dominica;size=1	Thelephora_UDB06027607_TUE002018_ITS1_ITS2_Dominica;size=1
Thelephora_UDB06027664_TUE002018_ITS1_ITS2_Dominica;size=1	*
Thelephora_UDB06027785_TUE002018_ITS1_ITS2_Dominica;size=1	Thelephora_JX548257_ITS1_ITS2_Dominica;size=1
Thelephora_UDB06027836_TUE002020_ITS1_ITS2_Dominica;size=1	Thelephora_UDB06027862_TUE002020_ITS1_ITS2_Dominica;size=1
Thelephora_UDB06027849_TUE002020_ITS1_ITS2_Dominica;size=1	Thelephora_UDB06027862_TUE002020_ITS1_ITS2_Dominica;size=1
Thelephora_UDB06027954_TUE002020_ITS1_ITS2_Dominica;size=1	Thelephora_UDB06028317_TUE002021_ITS1_ITS2_Dominica;size=1
Thelephora_UDB06028023_TUE002021_ITS1_ITS2_Dominica;size=1	*
Thelephora_UDB06028033_TUE002021_ITS1_ITS2_Dominica;size=1	Thelephora_UDB06028042_TUE002021_ITS1_ITS2_Dominica;size=1
Thelephora_UDB06028063_TUE002021_ITS1_ITS2_Dominica;size=1	Thelephora_UDB06028074_TUE002021_ITS1_ITS2_Dominica;size=1
Thelephora_UDB06028072_TUE002021_ITS1_ITS2_Dominica;size=1	Thelephora_UDB06028074_TUE002021_ITS1_ITS2_Dominica;size=1
Thelephora_UDB06028082_TUE002021_ITS1_ITS2_Dominica;size=1	Thelephora_UDB06028074_TUE002021_ITS1_ITS2_Dominica;size=1
Thelephora_UDB06028084_TUE002021_ITS1_ITS2_Dominica;size=1	Thelephora_UDB06028074_TUE002021_ITS1_ITS2_Dominica;size=1
Thelephora_UDB06028086_TUE002021_ITS1_ITS2_Dominica;size=1	Thelephora_UDB06028074_TUE002021_ITS1_ITS2_Dominica;size=1
Thelephora_UDB06028120_TUE002021_ITS1_ITS2_Dominica;size=1	Thelephora_UDB06028074_TUE002021_ITS1_ITS2_Dominica;size=1
Thelephora_UDB06028133_TUE002021_ITS1_ITS2_Dominica;size=1	Thelephora_UDB06028074_TUE002021_ITS1_ITS2_Dominica;size=1
Thelephora_UDB06028329_TUE002022_ITS1_ITS2_Dominica;size=1	Thelephora_UDB06028461_TUE002022_ITS1_ITS2_Dominica;size=1
Thelephora_UDB06028331_TUE002022_ITS1_ITS2_Dominica;size=1	Thelephora_UDB06028461_TUE002022_ITS1_ITS2_Dominica;size=1
Thelephora_UDB06028333_TUE002022_ITS1_ITS2_Dominica;size=1	Thelephora_UDB06028678_TUE002022_ITS1_ITS2_Dominica;size=1
Thelephora_UDB06028337_TUE002022_ITS1_ITS2_Dominica;size=1	Thelephora_UDB06028461_TUE002022_ITS1_ITS2_Dominica;size=1
Thelephora_UDB06028342_TUE002022_ITS1_ITS2_Dominica;size=1	Thelephora_UDB06028678_TUE002022_ITS1_ITS2_Dominica;size=1
Thelephora_UDB06028350_TUE002022_ITS1_ITS2_Dominica;size=1	Thelephora_UDB06028774_TUE002022_ITS1_ITS2_Dominica;size=1
Thelephora_UDB06028352_TUE002022_ITS1_ITS2_Dominica;size=1	Thelephora_UDB06028776_TUE002022_ITS1_ITS2_Dominica;size=1
Thelephora_UDB06028361_TUE002022_ITS1_ITS2_Dominica;size=1	Thelephora_UDB06028461_TUE002022_ITS1_ITS2_Dominica;size=1
Thelephora_UDB06028363_TUE002022_ITS1_ITS2_Dominica;size=1	Thelephora_UDB06028678_TUE002022_ITS1_ITS2_Dominica;size=1
Thelephora_UDB06028365_TUE002022_ITS1_ITS2_Dominica;size=1	Thelephora_UDB06028461_TUE002022_ITS1_ITS2_Dominica;size=1
Thelephora_UDB06028366_TUE002022_ITS1_ITS2_Dominica;size=1	Thelephora_UDB06028461_TUE002022_ITS1_ITS2_Dominica;size=1
Thelephora_UDB06028372_TUE002022_ITS1_ITS2_Dominica;size=1	Thelephora_UDB06028776_TUE002022_ITS1_ITS2_Dominica;size=1
Thelephora_UDB06028381_TUE002022_ITS1_ITS2_Dominica;size=1	*
Thelephora_UDB06028387_TUE002022_ITS1_ITS2_Dominica;size=1	Thelephora_UDB06028461_TUE002022_ITS1_ITS2_Dominica;size=1
Thelephora_UDB06028389_TUE002022_ITS1_ITS2_Dominica;size=1	Thelephora_UDB06028461_TUE002022_ITS1_ITS2_Dominica;size=1
Thelephora_UDB06028391_TUE002022_ITS1_ITS2_Dominica;size=1	Thelephora_UDB06028461_TUE002022_ITS1_ITS2_Dominica;size=1
Thelephora_UDB06028394_TUE002022_ITS1_ITS2_Dominica;size=1	Thelephora_UDB06028461_TUE002022_ITS1_ITS2_Dominica;size=1
Thelephora_UDB06028398_TUE002022_ITS1_ITS2_Dominica;size=1	Thelephora_UDB06028461_TUE002022_ITS1_ITS2_Dominica;size=1
Thelephora_UDB06028406_TUE002022_ITS1_ITS2_Dominica;size=1	Thelephora_UDB06028678_TUE002022_ITS1_ITS2_Dominica;size=1
Thelephora_UDB06028408_TUE002022_ITS1_ITS2_Dominica;size=1	Thelephora_UDB06028678_TUE002022_ITS1_ITS2_Dominica;size=1
Thelephora_UDB06028410_TUE002022_ITS1_ITS2_Dominica;size=1	Thelephora_UDB06028461_TUE002022_ITS1_ITS2_Dominica;size=1
Thelephora_UDB06028412_TUE002022_ITS1_ITS2_Dominica;size=1	Thelephora_UDB06028678_TUE002022_ITS1_ITS2_Dominica;size=1
Thelephora_UDB06028413_TUE002022_ITS1_ITS2_Dominica;size=1	Thelephora_UDB06028461_TUE002022_ITS1_ITS2_Dominica;size=1
Thelephora_UDB06028415_TUE002022_ITS1_ITS2_Dominica;size=1	Thelephora_UDB06028461_TUE002022_ITS1_ITS2_Dominica;size=1
Thelephora_UDB06028417_TUE002022_ITS1_ITS2_Dominica;size=1	Thelephora_UDB06028678_TUE002022_ITS1_ITS2_Dominica;size=1
Thelephora_UDB06028419_TUE002022_ITS1_ITS2_Dominica;size=1	Thelephora_UDB06028678_TUE002022_ITS1_ITS2_Dominica;size=1
Thelephora_UDB06028423_TUE002022_ITS1_ITS2_Dominica;size=1	Thelephora_UDB06028461_TUE002022_ITS1_ITS2_Dominica;size=1
Thelephora_UDB06028427_TUE002022_ITS1_ITS2_Dominica;size=1	Thelephora_UDB06028461_TUE002022_ITS1_ITS2_Dominica;size=1
Thelephora_UDB06028429_TUE002022_ITS1_ITS2_Dominica;size=1	Thelephora_UDB06028461_TUE002022_ITS1_ITS2_Dominica;size=1
Thelephora_UDB06028431_TUE002022_ITS1_ITS2_Dominica;size=1	Thelephora_UDB06028461_TUE002022_ITS1_ITS2_Dominica;size=1
Thelephora_UDB06028433_TUE002022_ITS1_ITS2_Dominica;size=1	Thelephora_UDB06028461_TUE002022_ITS1_ITS2_Dominica;size=1
Thelephora_UDB06028456_TUE002022_ITS1_ITS2_Dominica;size=1	Thelephora_UDB06028461_TUE002022_ITS1_ITS2_Dominica;size=1
Thelephora_UDB06028459_TUE002022_ITS1_ITS2_Dominica;size=1	Thelephora_UDB06028461_TUE002022_ITS1_ITS2_Dominica;size=1
Thelephora_UDB06028460_TUE002022_ITS1_ITS2_Dominica;size=1	Thelephora_UDB06028678_TUE002022_ITS1_ITS2_Dominica;size=1
Thelephora_UDB06028465_TUE002022_ITS1_ITS2_Dominica;size=1	Thelephora_UDB06028461_TUE002022_ITS1_ITS2_Dominica;size=1
Thelephora_UDB06028466_TUE002022_ITS1_ITS2_Dominica;size=1	Thelephora_UDB06028678_TUE002022_ITS1_ITS2_Dominica;size=1
Thelephora_UDB06028467_TUE002022_ITS1_ITS2_Dominica;size=1	Thelephora_UDB06028678_TUE002022_ITS1_ITS2_Dominica;size=1
Thelephora_UDB06028468_TUE002022_ITS1_ITS2_Dominica;size=1	Thelephora_UDB06028461_TUE002022_ITS1_ITS2_Dominica;size=1
Thelephora_UDB06028469_TUE002022_ITS1_ITS2_Dominica;size=1	Thelephora_UDB06028461_TUE002022_ITS1_ITS2_Dominica;size=1
Thelephora_UDB06028470_TUE002022_ITS1_ITS2_Dominica;size=1	Thelephora_UDB06028461_TUE002022_ITS1_ITS2_Dominica;size=1
Thelephora_UDB06028471_TUE002022_ITS1_ITS2_Dominica;size=1	Thelephora_UDB06028678_TUE002022_ITS1_ITS2_Dominica;size=1
Thelephora_UDB06028473_TUE002022_ITS1_ITS2_Dominica;size=1	Thelephora_UDB06028678_TUE002022_ITS1_ITS2_Dominica;size=1
Thelephora_UDB06028479_TUE002022_ITS1_ITS2_Dominica;size=1	Thelephora_UDB06028461_TUE002022_ITS1_ITS2_Dominica;size=1
Thelephora_UDB06028483_TUE002022_ITS1_ITS2_Dominica;size=1	Thelephora_UDB06028461_TUE002022_ITS1_ITS2_Dominica;size=1
Thelephora_UDB06028485_TUE002022_ITS1_ITS2_Dominica;size=1	Thelephora_UDB06028461_TUE002022_ITS1_ITS2_Dominica;size=1
Thelephora_UDB06028489_TUE002022_ITS1_ITS2_Dominica;size=1	Thelephora_UDB06028461_TUE002022_ITS1_ITS2_Dominica;size=1
Thelephora_UDB06028490_TUE002022_ITS1_ITS2_Dominica;size=1	Thelephora_UDB06028461_TUE002022_ITS1_ITS2_Dominica;size=1
Thelephora_UDB06028492_TUE002022_ITS1_ITS2_Dominica;size=1	Thelephora_UDB06028461_TUE002022_ITS1_ITS2_Dominica;size=1
Thelephora_UDB06028494_TUE002022_ITS1_ITS2_Dominica;size=1	Thelephora_UDB06028678_TUE002022_ITS1_ITS2_Dominica;size=1
Thelephora_UDB06028496_TUE002022_ITS1_ITS2_Dominica;size=1	Thelephora_UDB06028678_TUE002022_ITS1_ITS2_Dominica;size=1
Thelephora_UDB06028500_TUE002022_ITS1_ITS2_Dominica;size=1	Thelephora_UDB06028678_TUE002022_ITS1_ITS2_Dominica;size=1
Thelephora_UDB06028502_TUE002022_ITS1_ITS2_Dominica;size=1	Thelephora_UDB06028461_TUE002022_ITS1_ITS2_Dominica;size=1
Thelephora_UDB06028504_TUE002022_ITS1_ITS2_Dominica;size=1	Thelephora_UDB06028461_TUE002022_ITS1_ITS2_Dominica;size=1
Thelephora_UDB06028506_TUE002022_ITS1_ITS2_Dominica;size=1	Thelephora_UDB06028678_TUE002022_ITS1_ITS2_Dominica;size=1
Thelephora_UDB06028508_TUE002022_ITS1_ITS2_Dominica;size=1	Thelephora_UDB06028461_TUE002022_ITS1_ITS2_Dominica;size=1
Thelephora_UDB06028509_TUE002022_ITS1_ITS2_Dominica;size=1	Thelephora_UDB06028461_TUE002022_ITS1_ITS2_Dominica;size=1
Thelephora_UDB06028511_TUE002022_ITS1_ITS2_Dominica;size=1	Thelephora_UDB06028678_TUE002022_ITS1_ITS2_Dominica;size=1
Thelephora_UDB06028515_TUE002022_ITS1_ITS2_Dominica;size=1	Thelephora_UDB06028678_TUE002022_ITS1_ITS2_Dominica;size=1
Thelephora_UDB06028517_TUE002022_ITS1_ITS2_Dominica;size=1	Thelephora_UDB06028461_TUE002022_ITS1_ITS2_Dominica;size=1
Thelephora_UDB06028521_TUE002022_ITS1_ITS2_Dominica;size=1	Thelephora_UDB06028461_TUE002022_ITS1_ITS2_Dominica;size=1
Thelephora_UDB06028528_TUE002022_ITS1_ITS2_Dominica;size=1	Thelephora_UDB06028461_TUE002022_ITS1_ITS2_Dominica;size=1
Thelephora_UDB06028530_TUE002022_ITS1_ITS2_Dominica;size=1	Thelephora_UDB06028678_TUE002022_ITS1_ITS2_Dominica;size=1
Thelephora_UDB06028532_TUE002022_ITS1_ITS2_Dominica;size=1	Thelephora_UDB06028678_TUE002022_ITS1_ITS2_Dominica;size=1
Thelephora_UDB06028534_TUE002022_ITS1_ITS2_Dominica;size=1	Thelephora_UDB06028678_TUE002022_ITS1_ITS2_Dominica;size=1
Thelephora_UDB06028536_TUE002022_ITS1_ITS2_Dominica;size=1	Thelephora_UDB06028678_TUE002022_ITS1_ITS2_Dominica;size=1
Thelephora_UDB06028537_TUE002022_ITS1_ITS2_Dominica;size=1	Thelephora_UDB06028461_TUE002022_ITS1_ITS2_Dominica;size=1
Thelephora_UDB06028539_TUE002022_ITS1_ITS2_Dominica;size=1	Thelephora_UDB06028461_TUE002022_ITS1_ITS2_Dominica;size=1
Thelephora_UDB06028543_TUE002022_ITS1_ITS2_Dominica;size=1	Thelephora_UDB06028461_TUE002022_ITS1_ITS2_Dominica;size=1
Thelephora_UDB06028549_TUE002022_ITS1_ITS2_Dominica;size=1	Thelephora_UDB06028461_TUE002022_ITS1_ITS2_Dominica;size=1
Thelephora_UDB06028551_TUE002022_ITS1_ITS2_Dominica;size=1	Thelephora_UDB06028678_TUE002022_ITS1_ITS2_Dominica;size=1
Thelephora_UDB06028553_TUE002022_ITS1_ITS2_Dominica;size=1	Thelephora_UDB06028461_TUE002022_ITS1_ITS2_Dominica;size=1
Thelephora_UDB06028555_TUE002022_ITS1_ITS2_Dominica;size=1	Thelephora_UDB06028461_TUE002022_ITS1_ITS2_Dominica;size=1
Thelephora_UDB06028557_TUE002022_ITS1_ITS2_Dominica;size=1	Thelephora_UDB06028461_TUE002022_ITS1_ITS2_Dominica;size=1
Thelephora_UDB06028559_TUE002022_ITS1_ITS2_Dominica;size=1	Thelephora_UDB06028678_TUE002022_ITS1_ITS2_Dominica;size=1
Thelephora_UDB06028561_TUE002022_ITS1_ITS2_Dominica;size=1	Thelephora_UDB06028461_TUE002022_ITS1_ITS2_Dominica;size=1
Thelephora_UDB06028563_TUE002022_ITS1_ITS2_Dominica;size=1	Thelephora_UDB06028461_TUE002022_ITS1_ITS2_Dominica;size=1
Thelephora_UDB06028567_TUE002022_ITS1_ITS2_Dominica;size=1	Thelephora_UDB06028678_TUE002022_ITS1_ITS2_Dominica;size=1
Thelephora_UDB06028569_TUE002022_ITS1_ITS2_Dominica;size=1	Thelephora_UDB06028678_TUE002022_ITS1_ITS2_Dominica;size=1
Thelephora_UDB06028571_TUE002022_ITS1_ITS2_Dominica;size=1	Thelephora_UDB06028678_TUE002022_ITS1_ITS2_Dominica;size=1
Thelephora_UDB06028572_TUE002022_ITS1_ITS2_Dominica;size=1	Thelephora_UDB06028678_TUE002022_ITS1_ITS2_Dominica;size=1
Thelephora_UDB06028574_TUE002022_ITS1_ITS2_Dominica;size=1	Thelephora_UDB06028678_TUE002022_ITS1_ITS2_Dominica;size=1
Thelephora_UDB06028576_TUE002022_ITS1_ITS2_Dominica;size=1	Thelephora_UDB06028461_TUE002022_ITS1_ITS2_Dominica;size=1
Thelephora_UDB06028580_TUE002022_ITS1_ITS2_Dominica;size=1	Thelephora_UDB06028461_TUE002022_ITS1_ITS2_Dominica;size=1
Thelephora_UDB06028582_TUE002022_ITS1_ITS2_Dominica;size=1	Thelephora_UDB06028461_TUE002022_ITS1_ITS2_Dominica;size=1
Thelephora_UDB06028584_TUE002022_ITS1_ITS2_Dominica;size=1	Thelephora_UDB06028461_TUE002022_ITS1_ITS2_Dominica;size=1
Thelephora_UDB06028588_TUE002022_ITS1_ITS2_Dominica;size=1	Thelephora_UDB06028461_TUE002022_ITS1_ITS2_Dominica;size=1
Thelephora_UDB06028590_TUE002022_ITS1_ITS2_Dominica;size=1	Thelephora_UDB06028461_TUE002022_ITS1_ITS2_Dominica;size=1
Thelephora_UDB06028591_TUE002022_ITS1_ITS2_Dominica;size=1	Thelephora_UDB06028678_TUE002022_ITS1_ITS2_Dominica;size=1
Thelephora_UDB06028593_TUE002022_ITS1_ITS2_Dominica;size=1	Thelephora_UDB06028678_TUE002022_ITS1_ITS2_Dominica;size=1
Thelephora_UDB06028595_TUE002022_ITS1_ITS2_Dominica;size=1	Thelephora_UDB06028461_TUE002022_ITS1_ITS2_Dominica;size=1
Thelephora_UDB06028597_TUE002022_ITS1_ITS2_Dominica;size=1	Thelephora_UDB06028678_TUE002022_ITS1_ITS2_Dominica;size=1
Thelephora_UDB06028599_TUE002022_ITS1_ITS2_Dominica;size=1	Thelephora_UDB06028678_TUE002022_ITS1_ITS2_Dominica;size=1
Thelephora_UDB06028601_TUE002022_ITS1_ITS2_Dominica;size=1	Thelephora_UDB06028678_TUE002022_ITS1_ITS2_Dominica;size=1
Thelephora_UDB06028603_TUE002022_ITS1_ITS2_Dominica;size=1	Thelephora_UDB06028678_TUE002022_ITS1_ITS2_Dominica;size=1
Thelephora_UDB06028605_TUE002022_ITS1_ITS2_Dominica;size=1	Thelephora_UDB06028461_TUE002022_ITS1_ITS2_Dominica;size=1
Thelephora_UDB06028610_TUE002022_ITS1_ITS2_Dominica;size=1	Thelephora_UDB06028461_TUE002022_ITS1_ITS2_Dominica;size=1
Thelephora_UDB06028612_TUE002022_ITS1_ITS2_Dominica;size=1	Thelephora_UDB06028678_TUE002022_ITS1_ITS2_Dominica;size=1
Thelephora_UDB06028614_TUE002022_ITS1_ITS2_Dominica;size=1	Thelephora_UDB06028461_TUE002022_ITS1_ITS2_Dominica;size=1
Thelephora_UDB06028615_TUE002022_ITS1_ITS2_Dominica;size=1	Thelephora_UDB06028461_TUE002022_ITS1_ITS2_Dominica;size=1
Thelephora_UDB06028617_TUE002022_ITS1_ITS2_Dominica;size=1	Thelephora_UDB06028461_TUE002022_ITS1_ITS2_Dominica;size=1
Thelephora_UDB06028623_TUE002022_ITS1_ITS2_Dominica;size=1	Thelephora_UDB06028461_TUE002022_ITS1_ITS2_Dominica;size=1
Thelephora_UDB06028625_TUE002022_ITS1_ITS2_Dominica;size=1	Thelephora_UDB06028461_TUE002022_ITS1_ITS2_Dominica;size=1
Thelephora_UDB06028627_TUE002022_ITS1_ITS2_Dominica;size=1	Thelephora_UDB06028678_TUE002022_ITS1_ITS2_Dominica;size=1
Thelephora_UDB06028655_TUE002022_ITS1_ITS2_Dominica;size=1	Thelephora_UDB06028678_TUE002022_ITS1_ITS2_Dominica;size=1
Thelephora_UDB06028657_TUE002022_ITS1_ITS2_Dominica;size=1	Thelephora_UDB06028461_TUE002022_ITS1_ITS2_Dominica;size=1
Thelephora_UDB06028661_TUE002022_ITS1_ITS2_Dominica;size=1	Thelephora_UDB06028678_TUE002022_ITS1_ITS2_Dominica;size=1
Thelephora_UDB06028662_TUE002022_ITS1_ITS2_Dominica;size=1	Thelephora_UDB06028461_TUE002022_ITS1_ITS2_Dominica;size=1
Thelephora_UDB06028664_TUE002022_ITS1_ITS2_Dominica;size=1	Thelephora_UDB06028461_TUE002022_ITS1_ITS2_Dominica;size=1
Thelephora_UDB06028666_TUE002022_ITS1_ITS2_Dominica;size=1	Thelephora_UDB06028461_TUE002022_ITS1_ITS2_Dominica;size=1
Thelephora_UDB06028667_TUE002022_ITS1_ITS2_Dominica;size=1	Thelephora_UDB06028678_TUE002022_ITS1_ITS2_Dominica;size=1
Thelephora_UDB06028668_TUE002022_ITS1_ITS2_Dominica;size=1	Thelephora_UDB06028678_TUE002022_ITS1_ITS2_Dominica;size=1
Thelephora_UDB06028669_TUE002022_ITS1_ITS2_Dominica;size=1	Thelephora_UDB06028461_TUE002022_ITS1_ITS2_Dominica;size=1
Thelephora_UDB06028670_TUE002022_ITS1_ITS2_Dominica;size=1	Thelephora_UDB06028461_TUE002022_ITS1_ITS2_Dominica;size=1
Thelephora_UDB06028671_TUE002022_ITS1_ITS2_Dominica;size=1	Thelephora_UDB06028461_TUE002022_ITS1_ITS2_Dominica;size=1
Thelephora_UDB06028672_TUE002022_ITS1_ITS2_Dominica;size=1	Thelephora_UDB06028678_TUE002022_ITS1_ITS2_Dominica;size=1
Thelephora_UDB06028673_TUE002022_ITS1_ITS2_Dominica;size=1	Thelephora_UDB06028678_TUE002022_ITS1_ITS2_Dominica;size=1
Thelephora_UDB06028674_TUE002022_ITS1_ITS2_Dominica;size=1	Thelephora_UDB06028461_TUE002022_ITS1_ITS2_Dominica;size=1
Thelephora_UDB06028675_TUE002022_ITS1_ITS2_Dominica;size=1	Thelephora_UDB06028461_TUE002022_ITS1_ITS2_Dominica;size=1
Thelephora_UDB06028676_TUE002022_ITS1_ITS2_Dominica;size=1	Thelephora_UDB06028461_TUE002022_ITS1_ITS2_Dominica;size=1
Thelephora_UDB06028679_TUE002022_ITS1_ITS2_Dominica;size=1	Thelephora_UDB06028678_TUE002022_ITS1_ITS2_Dominica;size=1
Thelephora_UDB06028680_TUE002022_ITS1_ITS2_Dominica;size=1	Thelephora_UDB06028678_TUE002022_ITS1_ITS2_Dominica;size=1
Thelephora_UDB06028681_TUE002022_ITS1_ITS2_Dominica;size=1	Thelephora_UDB06028461_TUE002022_ITS1_ITS2_Dominica;size=1
Thelephora_UDB06028750_TUE002022_ITS1_ITS2_Dominica;size=1	Thelephora_UDB06028726_TUE002022_ITS1_ITS2_Dominica;size=1
Thelephora_UDB06028752_TUE002022_ITS1_ITS2_Dominica;size=1	Thelephora_UDB06028774_TUE002022_ITS1_ITS2_Dominica;size=1
Thelephora_UDB06028754_TUE002022_ITS1_ITS2_Dominica;size=1	Thelephora_UDB06028774_TUE002022_ITS1_ITS2_Dominica;size=1
Thelephora_UDB06028756_TUE002022_ITS1_ITS2_Dominica;size=1	Thelephora_UDB06028774_TUE002022_ITS1_ITS2_Dominica;size=1
Thelephora_UDB06028767_TUE002022_ITS1_ITS2_Dominica;size=1	Thelephora_UDB06028776_TUE002022_ITS1_ITS2_Dominica;size=1
Thelephora_UDB06028768_TUE002022_ITS1_ITS2_Dominica;size=1	Thelephora_UDB06028776_TUE002022_ITS1_ITS2_Dominica;size=1
Thelephora_UDB06028770_TUE002022_ITS1_ITS2_Dominica;size=1	Thelephora_UDB06028776_TUE002022_ITS1_ITS2_Dominica;size=1
Thelephora_UDB06028772_TUE002022_ITS1_ITS2_Dominica;size=1	Thelephora_UDB06028774_TUE002022_ITS1_ITS2_Dominica;size=1
Thelephora_UDB06028779_TUE002022_ITS1_ITS2_Dominica;size=1	Thelephora_UDB06028776_TUE002022_ITS1_ITS2_Dominica;size=1
Thelephora_UDB06028781_TUE002022_ITS1_ITS2_Dominica;size=1	Thelephora_UDB06028776_TUE002022_ITS1_ITS2_Dominica;size=1
Thelephora_UDB06028783_TUE002022_ITS1_ITS2_Dominica;size=1	Thelephora_UDB06028776_TUE002022_ITS1_ITS2_Dominica;size=1
Thelephora_UDB06028785_TUE002022_ITS1_ITS2_Dominica;size=1	Thelephora_UDB06028776_TUE002022_ITS1_ITS2_Dominica;size=1
Thelephora_UDB06028788_TUE002022_ITS1_ITS2_Dominica;size=1	*
Thelephora_UDB06028803_TUE002022_ITS1_ITS2_Dominica;size=1	Thelephora_UDB06028788_TUE002022_ITS1_ITS2_Dominica;size=1
Thelephora_UDB06028850_TUE002022_ITS1_ITS2_Dominica;size=1	Thelephora_UDB06028876_TUE002022_ITS1_ITS2_Dominica;size=1
Thelephora_UDB06028867_TUE002022_ITS1_ITS2_Dominica;size=1	Thelephora_UDB06028876_TUE002022_ITS1_ITS2_Dominica;size=1
Thelephora_UDB06027497_TUE002018_ITS1_ITS2_Dominica;size=1	Thelephora_JX548257_ITS1_ITS2_Dominica;size=1
Thelephora_UDB06027499_TUE002018_ITS1_ITS2_Dominica;size=1	*
Thelephora_UDB06027501_TUE002018_ITS1_ITS2_Dominica;size=1	Thelephora_UDB06027607_TUE002018_ITS1_ITS2_Dominica;size=1
Thelephora_UDB06027509_TUE002018_ITS1_ITS2_Dominica;size=1	*
Thelephora_UDB06027516_TUE002018_ITS1_ITS2_Dominica;size=1	Thelephora_UDB06027509_TUE002018_ITS1_ITS2_Dominica;size=1
Thelephora_UDB06027522_TUE002018_ITS1_ITS2_Dominica;size=1	Thelephora_UDB06027607_TUE002018_ITS1_ITS2_Dominica;size=1
Thelephora_UDB06027524_TUE002018_ITS1_ITS2_Dominica;size=1	Thelephora_UDB06027607_TUE002018_ITS1_ITS2_Dominica;size=1
Thelephora_UDB06027534_TUE002018_ITS1_ITS2_Dominica;size=1	Thelephora_UDB06027555_TUE002018_ITS1_ITS2_Dominica;size=1
Thelephora_UDB06027542_TUE002018_ITS1_ITS2_Dominica;size=1	Thelephora_UDB06027555_TUE002018_ITS1_ITS2_Dominica;size=1
Thelephora_UDB06027575_TUE002018_ITS1_ITS2_Dominica;size=1	Thelephora_UDB06027555_TUE002018_ITS1_ITS2_Dominica;size=1
Thelephora_UDB06027578_TUE002018_ITS1_ITS2_Dominica;size=1	*
Thelephora_UDB06027594_TUE002018_ITS1_ITS2_Dominica;size=1	Thelephora_UDB06027578_TUE002018_ITS1_ITS2_Dominica;size=1
Thelephora_UDB06027598_TUE002018_ITS1_ITS2_Dominica;size=1	Thelephora_UDB06027607_TUE002018_ITS1_ITS2_Dominica;size=1
Thelephora_UDB06027600_TUE002018_ITS1_ITS2_Dominica;size=1	Thelephora_UDB06027607_TUE002018_ITS1_ITS2_Dominica;size=1
Thelephora_UDB06027609_TUE002018_ITS1_ITS2_Dominica;size=1	Thelephora_UDB06027607_TUE002018_ITS1_ITS2_Dominica;size=1
Thelephora_UDB06027611_TUE002018_ITS1_ITS2_Dominica;size=1	Thelephora_UDB06027607_TUE002018_ITS1_ITS2_Dominica;size=1
Thelephora_UDB06027615_TUE002018_ITS1_ITS2_Dominica;size=1	Thelephora_UDB06027607_TUE002018_ITS1_ITS2_Dominica;size=1
Thelephora_UDB06027666_TUE002018_ITS1_ITS2_Dominica;size=1	Thelephora_UDB06027664_TUE002018_ITS1_ITS2_Dominica;size=1
Thelephora_UDB06027729_TUE002018_ITS1_ITS2_Dominica;size=1	Thelephora_UDB06027509_TUE002018_ITS1_ITS2_Dominica;size=1
Thelephora_UDB06027731_TUE002018_ITS1_ITS2_Dominica;size=1	Thelephora_UDB06027509_TUE002018_ITS1_ITS2_Dominica;size=1
Thelephora_UDB06027733_TUE002018_ITS1_ITS2_Dominica;size=1	Thelephora_UDB06027509_TUE002018_ITS1_ITS2_Dominica;size=1
Thelephora_UDB06027735_TUE002018_ITS1_ITS2_Dominica;size=1	Thelephora_UDB06027509_TUE002018_ITS1_ITS2_Dominica;size=1
Thelephora_UDB06027738_TUE002018_ITS1_ITS2_Dominica;size=1	Thelephora_UDB06027499_TUE002018_ITS1_ITS2_Dominica;size=1
Thelephora_UDB06027740_TUE002018_ITS1_ITS2_Dominica;size=1	Thelephora_UDB06027499_TUE002018_ITS1_ITS2_Dominica;size=1
Thelephora_UDB06027742_TUE002018_ITS1_ITS2_Dominica;size=1	Thelephora_UDB06027499_TUE002018_ITS1_ITS2_Dominica;size=1
Thelephora_UDB06027744_TUE002018_ITS1_ITS2_Dominica;size=1	Thelephora_UDB06027499_TUE002018_ITS1_ITS2_Dominica;size=1
Thelephora_UDB06027746_TUE002018_ITS1_ITS2_Dominica;size=1	Thelephora_UDB06027499_TUE002018_ITS1_ITS2_Dominica;size=1
Thelephora_UDB06027748_TUE002018_ITS1_ITS2_Dominica;size=1	Thelephora_UDB06027499_TUE002018_ITS1_ITS2_Dominica;size=1
Thelephora_UDB06027750_TUE002018_ITS1_ITS2_Dominica;size=1	Thelephora_UDB06027499_TUE002018_ITS1_ITS2_Dominica;size=1
Thelephora_UDB06027752_TUE002018_ITS1_ITS2_Dominica;size=1	Thelephora_UDB06027499_TUE002018_ITS1_ITS2_Dominica;size=1
Thelephora_UDB06027754_TUE002018_ITS1_ITS2_Dominica;size=1	Thelephora_UDB06027499_TUE002018_ITS1_ITS2_Dominica;size=1
Thelephora_UDB06027756_TUE002018_ITS1_ITS2_Dominica;size=1	Thelephora_UDB06027499_TUE002018_ITS1_ITS2_Dominica;size=1
Thelephora_UDB06027758_TUE002018_ITS1_ITS2_Dominica;size=1	Thelephora_UDB06027499_TUE002018_ITS1_ITS2_Dominica;size=1
Thelephora_UDB06027760_TUE002018_ITS1_ITS2_Dominica;size=1	Thelephora_UDB06027499_TUE002018_ITS1_ITS2_Dominica;size=1
Thelephora_UDB06027765_TUE002018_ITS1_ITS2_Dominica;size=1	Thelephora_UDB06027499_TUE002018_ITS1_ITS2_Dominica;size=1
Thelephora_UDB06027767_TUE002018_ITS1_ITS2_Dominica;size=1	Thelephora_UDB06027499_TUE002018_ITS1_ITS2_Dominica;size=1
Thelephora_UDB06027769_TUE002018_ITS1_ITS2_Dominica;size=1	Thelephora_UDB06027499_TUE002018_ITS1_ITS2_Dominica;size=1
Thelephora_UDB06027771_TUE002018_ITS1_ITS2_Dominica;size=1	Thelephora_UDB06027499_TUE002018_ITS1_ITS2_Dominica;size=1
Thelephora_UDB06027773_TUE002018_ITS1_ITS2_Dominica;size=1	Thelephora_JX548257_ITS1_ITS2_Dominica;size=1
Thelephora_UDB06027777_TUE002018_ITS1_ITS2_Dominica;size=1	Thelephora_JX548257_ITS1_ITS2_Dominica;size=1
Thelephora_UDB06027779_TUE002018_ITS1_ITS2_Dominica;size=1	Thelephora_JX548257_ITS1_ITS2_Dominica;size=1
Thelephora_UDB06027781_TUE002018_ITS1_ITS2_Dominica;size=1	Thelephora_JX548257_ITS1_ITS2_Dominica;size=1
Thelephora_UDB06027783_TUE002018_ITS1_ITS2_Dominica;size=1	Thelephora_JX548257_ITS1_ITS2_Dominica;size=1
Thelephora_UDB06027789_TUE002018_ITS1_ITS2_Dominica;size=1	Thelephora_JX548257_ITS1_ITS2_Dominica;size=1
Thelephora_UDB06027791_TUE002018_ITS1_ITS2_Dominica;size=1	Thelephora_JX548257_ITS1_ITS2_Dominica;size=1
Thelephora_UDB06027793_TUE002018_ITS1_ITS2_Dominica;size=1	Thelephora_JX548257_ITS1_ITS2_Dominica;size=1
Thelephora_UDB06027801_TUE002020_ITS1_ITS2_Dominica;size=1	Thelephora_UDB06028074_TUE002021_ITS1_ITS2_Dominica;size=1
Thelephora_UDB06027817_TUE002020_ITS1_ITS2_Dominica;size=1	*
Thelephora_UDB06027906_TUE002020_ITS1_ITS2_Dominica;size=1	Thelephora_UDB06028074_TUE002021_ITS1_ITS2_Dominica;size=1
Thelephora_UDB06027908_TUE002020_ITS1_ITS2_Dominica;size=1	Thelephora_UDB06028074_TUE002021_ITS1_ITS2_Dominica;size=1
Thelephora_UDB06028006_TUE002021_ITS1_ITS2_Dominica;size=1	Thelephora_UDB06028074_TUE002021_ITS1_ITS2_Dominica;size=1
Thelephora_UDB06028008_TUE002021_ITS1_ITS2_Dominica;size=1	Thelephora_UDB06028074_TUE002021_ITS1_ITS2_Dominica;size=1
Thelephora_UDB06028010_TUE002021_ITS1_ITS2_Dominica;size=1	Thelephora_UDB06028074_TUE002021_ITS1_ITS2_Dominica;size=1
Thelephora_UDB06028021_TUE002021_ITS1_ITS2_Dominica;size=1	Thelephora_UDB06028317_TUE002021_ITS1_ITS2_Dominica;size=1
Thelephora_UDB06028057_TUE002021_ITS1_ITS2_Dominica;size=1	Thelephora_UDB06028074_TUE002021_ITS1_ITS2_Dominica;size=1
Thelephora_UDB06028058_TUE002021_ITS1_ITS2_Dominica;size=1	Thelephora_UDB06028074_TUE002021_ITS1_ITS2_Dominica;size=1
Thelephora_UDB06028059_TUE002021_ITS1_ITS2_Dominica;size=1	Thelephora_UDB06028074_TUE002021_ITS1_ITS2_Dominica;size=1
Thelephora_UDB06028060_TUE002021_ITS1_ITS2_Dominica;size=1	Thelephora_UDB06028074_TUE002021_ITS1_ITS2_Dominica;size=1
Thelephora_UDB06028061_TUE002021_ITS1_ITS2_Dominica;size=1	Thelephora_UDB06028074_TUE002021_ITS1_ITS2_Dominica;size=1
Thelephora_UDB06028065_TUE002021_ITS1_ITS2_Dominica;size=1	Thelephora_UDB06028074_TUE002021_ITS1_ITS2_Dominica;size=1
Thelephora_UDB06028066_TUE002021_ITS1_ITS2_Dominica;size=1	Thelephora_UDB06028074_TUE002021_ITS1_ITS2_Dominica;size=1
Thelephora_UDB06028070_TUE002021_ITS1_ITS2_Dominica;size=1	Thelephora_UDB06028074_TUE002021_ITS1_ITS2_Dominica;size=1
Thelephora_UDB06028076_TUE002021_ITS1_ITS2_Dominica;size=1	Thelephora_UDB06028074_TUE002021_ITS1_ITS2_Dominica;size=1
Thelephora_UDB06028080_TUE002021_ITS1_ITS2_Dominica;size=1	Thelephora_UDB06028074_TUE002021_ITS1_ITS2_Dominica;size=1
Thelephora_UDB06028088_TUE002021_ITS1_ITS2_Dominica;size=1	Thelephora_UDB06028074_TUE002021_ITS1_ITS2_Dominica;size=1
Thelephora_UDB06028090_TUE002021_ITS1_ITS2_Dominica;size=1	Thelephora_UDB06028074_TUE002021_ITS1_ITS2_Dominica;size=1
Thelephora_UDB06028092_TUE002021_ITS1_ITS2_Dominica;size=1	Thelephora_UDB06028074_TUE002021_ITS1_ITS2_Dominica;size=1
Thelephora_UDB06028093_TUE002021_ITS1_ITS2_Dominica;size=1	Thelephora_UDB06028074_TUE002021_ITS1_ITS2_Dominica;size=1
Thelephora_UDB06028095_TUE002021_ITS1_ITS2_Dominica;size=1	*
Thelephora_UDB06028099_TUE002021_ITS1_ITS2_Dominica;size=1	Thelephora_UDB06028074_TUE002021_ITS1_ITS2_Dominica;size=1
Thelephora_UDB06028101_TUE002021_ITS1_ITS2_Dominica;size=1	Thelephora_UDB06028074_TUE002021_ITS1_ITS2_Dominica;size=1
Thelephora_UDB06028103_TUE002021_ITS1_ITS2_Dominica;size=1	Thelephora_UDB06028074_TUE002021_ITS1_ITS2_Dominica;size=1
Thelephora_UDB06028105_TUE002021_ITS1_ITS2_Dominica;size=1	Thelephora_UDB06028074_TUE002021_ITS1_ITS2_Dominica;size=1
Thelephora_UDB06028111_TUE002021_ITS1_ITS2_Dominica;size=1	Thelephora_UDB06028074_TUE002021_ITS1_ITS2_Dominica;size=1
Thelephora_UDB06028113_TUE002021_ITS1_ITS2_Dominica;size=1	Thelephora_UDB06028074_TUE002021_ITS1_ITS2_Dominica;size=1
Thelephora_UDB06028114_TUE002021_ITS1_ITS2_Dominica;size=1	Thelephora_UDB06028074_TUE002021_ITS1_ITS2_Dominica;size=1
Thelephora_UDB06028118_TUE002021_ITS1_ITS2_Dominica;size=1	Thelephora_UDB06028074_TUE002021_ITS1_ITS2_Dominica;size=1
Thelephora_UDB06028124_TUE002021_ITS1_ITS2_Dominica;size=1	Thelephora_UDB06028074_TUE002021_ITS1_ITS2_Dominica;size=1
Thelephora_UDB06028126_TUE002021_ITS1_ITS2_Dominica;size=1	Thelephora_UDB06028074_TUE002021_ITS1_ITS2_Dominica;size=1
Thelephora_UDB06028128_TUE002021_ITS1_ITS2_Dominica;size=1	Thelephora_UDB06028074_TUE002021_ITS1_ITS2_Dominica;size=1
Thelephora_UDB06028130_TUE002021_ITS1_ITS2_Dominica;size=1	Thelephora_UDB06028074_TUE002021_ITS1_ITS2_Dominica;size=1
Thelephora_UDB06028131_TUE002021_ITS1_ITS2_Dominica;size=1	Thelephora_UDB06028074_TUE002021_ITS1_ITS2_Dominica;size=1
Thelephora_UDB06028135_TUE002021_ITS1_ITS2_Dominica;size=1	Thelephora_UDB06028074_TUE002021_ITS1_ITS2_Dominica;size=1
Thelephora_UDB06028137_TUE002021_ITS1_ITS2_Dominica;size=1	Thelephora_UDB06028074_TUE002021_ITS1_ITS2_Dominica;size=1
Thelephora_UDB06028166_TUE002021_ITS1_ITS2_Dominica;size=1	*
Thelephora_UDB06028222_TUE002021_ITS1_ITS2_Dominica;size=1	*
Thelephora_UDB06028348_TUE002022_ITS1_ITS2_Dominica;size=1	Thelephora_UDB06028788_TUE002022_ITS1_ITS2_Dominica;size=1
Thelephora_UDB06028355_TUE002022_ITS1_ITS2_Dominica;size=1	Thelephora_UDB06028788_TUE002022_ITS1_ITS2_Dominica;size=1
Thelephora_UDB06028368_TUE002022_ITS1_ITS2_Dominica;size=1	Thelephora_UDB06027607_TUE002018_ITS1_ITS2_Dominica;size=1
Thelephora_UDB06028374_TUE002022_ITS1_ITS2_Dominica;size=1	Thelephora_UDB06028788_TUE002022_ITS1_ITS2_Dominica;size=1
Thelephora_UDB06028375_TUE002022_ITS1_ITS2_Dominica;size=1	Thelephora_UDB06028788_TUE002022_ITS1_ITS2_Dominica;size=1
Thelephora_UDB06028377_TUE002022_ITS1_ITS2_Dominica;size=1	Thelephora_UDB06028917_TUE002022_ITS1_ITS2_Dominica;size=1
Thelephora_UDB06028396_TUE002022_ITS1_ITS2_Dominica;size=1	Thelephora_UDB06028678_TUE002022_ITS1_ITS2_Dominica;size=1
Thelephora_UDB06028458_TUE002022_ITS1_ITS2_Dominica;size=1	Thelephora_UDB06028404_TUE002022_ITS1_ITS2_Dominica;size=1
Thelephora_UDB06028464_TUE002022_ITS1_ITS2_Dominica;size=1	*
Thelephora_UDB06028474_TUE002022_ITS1_ITS2_Dominica;size=1	Thelephora_UDB06028678_TUE002022_ITS1_ITS2_Dominica;size=1
Thelephora_UDB06028523_TUE002022_ITS1_ITS2_Dominica;size=1	*
Thelephora_UDB06028525_TUE002022_ITS1_ITS2_Dominica;size=1	Thelephora_UDB06028461_TUE002022_ITS1_ITS2_Dominica;size=1
Thelephora_UDB06028578_TUE002022_ITS1_ITS2_Dominica;size=1	*
Thelephora_UDB06028586_TUE002022_ITS1_ITS2_Dominica;size=1	Thelephora_UDB06028678_TUE002022_ITS1_ITS2_Dominica;size=1
Thelephora_UDB06028684_TUE002022_ITS1_ITS2_Dominica;size=1	Thelephora_UDB06027607_TUE002018_ITS1_ITS2_Dominica;size=1
Thelephora_UDB06028686_TUE002022_ITS1_ITS2_Dominica;size=1	Thelephora_UDB06027607_TUE002018_ITS1_ITS2_Dominica;size=1
Thelephora_UDB06028688_TUE002022_ITS1_ITS2_Dominica;size=1	Thelephora_UDB06027607_TUE002018_ITS1_ITS2_Dominica;size=1
Thelephora_UDB06028690_TUE002022_ITS1_ITS2_Dominica;size=1	Thelephora_UDB06027607_TUE002018_ITS1_ITS2_Dominica;size=1
Thelephora_UDB06028691_TUE002022_ITS1_ITS2_Dominica;size=1	Thelephora_UDB06027607_TUE002018_ITS1_ITS2_Dominica;size=1
Thelephora_UDB06028693_TUE002022_ITS1_ITS2_Dominica;size=1	Thelephora_UDB06027607_TUE002018_ITS1_ITS2_Dominica;size=1
Thelephora_UDB06028695_TUE002022_ITS1_ITS2_Dominica;size=1	Thelephora_UDB06027607_TUE002018_ITS1_ITS2_Dominica;size=1
Thelephora_UDB06028697_TUE002022_ITS1_ITS2_Dominica;size=1	Thelephora_UDB06027607_TUE002018_ITS1_ITS2_Dominica;size=1
Thelephora_UDB06028699_TUE002022_ITS1_ITS2_Dominica;size=1	Thelephora_UDB06027607_TUE002018_ITS1_ITS2_Dominica;size=1
Thelephora_UDB06028701_TUE002022_ITS1_ITS2_Dominica;size=1	Thelephora_UDB06027607_TUE002018_ITS1_ITS2_Dominica;size=1
Thelephora_UDB06028787_TUE002022_ITS1_ITS2_Dominica;size=1	Thelephora_UDB06028788_TUE002022_ITS1_ITS2_Dominica;size=1
Thelephora_UDB06028790_TUE002022_ITS1_ITS2_Dominica;size=1	Thelephora_UDB06028788_TUE002022_ITS1_ITS2_Dominica;size=1
Thelephora_UDB06028792_TUE002022_ITS1_ITS2_Dominica;size=1	Thelephora_UDB06028788_TUE002022_ITS1_ITS2_Dominica;size=1
Thelephora_UDB06028794_TUE002022_ITS1_ITS2_Dominica;size=1	Thelephora_UDB06028788_TUE002022_ITS1_ITS2_Dominica;size=1
Thelephora_UDB06028796_TUE002022_ITS1_ITS2_Dominica;size=1	Thelephora_UDB06028788_TUE002022_ITS1_ITS2_Dominica;size=1
Thelephora_UDB06028798_TUE002022_ITS1_ITS2_Dominica;size=1	Thelephora_UDB06028788_TUE002022_ITS1_ITS2_Dominica;size=1
Thelephora_UDB06028799_TUE002022_ITS1_ITS2_Dominica;size=1	*
Thelephora_UDB06028801_TUE002022_ITS1_ITS2_Dominica;size=1	Thelephora_UDB06028788_TUE002022_ITS1_ITS2_Dominica;size=1
Thelephora_UDB06028805_TUE002022_ITS1_ITS2_Dominica;size=1	Thelephora_UDB06028799_TUE002022_ITS1_ITS2_Dominica;size=1
Thelephora_UDB06028807_TUE002022_ITS1_ITS2_Dominica;size=1	Thelephora_UDB06028788_TUE002022_ITS1_ITS2_Dominica;size=1
Thelephora_UDB06028809_TUE002022_ITS1_ITS2_Dominica;size=1	Thelephora_UDB06028799_TUE002022_ITS1_ITS2_Dominica;size=1
Thelephora_UDB06028819_TUE002022_ITS1_ITS2_Dominica;size=1	*
Thelephora_UDB06028852_TUE002022_ITS1_ITS2_Dominica;size=1	Thelephora_UDB06028876_TUE002022_ITS1_ITS2_Dominica;size=1
Thelephora_UDB06028875_TUE002022_ITS1_ITS2_Dominica;size=1	Thelephora_UDB06028876_TUE002022_ITS1_ITS2_Dominica;size=1
Thelephora_UDB06028900_TUE002022_ITS1_ITS2_Dominica;size=1	Thelephora_UDB06028917_TUE002022_ITS1_ITS2_Dominica;size=1
Thelephora_UDB06028938_TUE002022_ITS1_ITS2_Dominica;size=1	Thelephora_UDB06028917_TUE002022_ITS1_ITS2_Dominica;size=1
Thelephora_UDB06028943_TUE002022_ITS1_ITS2_Dominica;size=1	Thelephora_UDB06028917_TUE002022_ITS1_ITS2_Dominica;size=1
Thelephora_UDB06028949_TUE002022_ITS1_ITS2_Dominica;size=1	Thelephora_UDB06028917_TUE002022_ITS1_ITS2_Dominica;size=1
Thelephora_UDB06027491_TUE002018_ITS1_ITS2_Dominica;size=1	Thelephora_UDB06027555_TUE002018_ITS1_ITS2_Dominica;size=1
Thelephora_UDB06027503_TUE002018_ITS1_ITS2_Dominica;size=1	Thelephora_UDB06027578_TUE002018_ITS1_ITS2_Dominica;size=1
Thelephora_UDB06027505_TUE002018_ITS1_ITS2_Dominica;size=1	Thelephora_UDB06027578_TUE002018_ITS1_ITS2_Dominica;size=1
Thelephora_UDB06027511_TUE002018_ITS1_ITS2_Dominica;size=1	Thelephora_UDB06027664_TUE002018_ITS1_ITS2_Dominica;size=1
Thelephora_UDB06027513_TUE002018_ITS1_ITS2_Dominica;size=1	*
Thelephora_UDB06027518_TUE002018_ITS1_ITS2_Dominica;size=1	Thelephora_UDB06027555_TUE002018_ITS1_ITS2_Dominica;size=1
Thelephora_UDB06027520_TUE002018_ITS1_ITS2_Dominica;size=1	Thelephora_UDB06027555_TUE002018_ITS1_ITS2_Dominica;size=1
Thelephora_UDB06027528_TUE002018_ITS1_ITS2_Dominica;size=1	Thelephora_UDB06027555_TUE002018_ITS1_ITS2_Dominica;size=1
Thelephora_UDB06027530_TUE002018_ITS1_ITS2_Dominica;size=1	Thelephora_UDB06027578_TUE002018_ITS1_ITS2_Dominica;size=1
Thelephora_UDB06027532_TUE002018_ITS1_ITS2_Dominica;size=1	Thelephora_UDB06027555_TUE002018_ITS1_ITS2_Dominica;size=1
Thelephora_UDB06027536_TUE002018_ITS1_ITS2_Dominica;size=1	Thelephora_UDB06027578_TUE002018_ITS1_ITS2_Dominica;size=1
Thelephora_UDB06027538_TUE002018_ITS1_ITS2_Dominica;size=1	Thelephora_UDB06027555_TUE002018_ITS1_ITS2_Dominica;size=1
Thelephora_UDB06027540_TUE002018_ITS1_ITS2_Dominica;size=1	Thelephora_UDB06027578_TUE002018_ITS1_ITS2_Dominica;size=1
Thelephora_UDB06027544_TUE002018_ITS1_ITS2_Dominica;size=1	Thelephora_UDB06027555_TUE002018_ITS1_ITS2_Dominica;size=1
Thelephora_UDB06027546_TUE002018_ITS1_ITS2_Dominica;size=1	Thelephora_UDB06027578_TUE002018_ITS1_ITS2_Dominica;size=1
Thelephora_UDB06027549_TUE002018_ITS1_ITS2_Dominica;size=1	Thelephora_UDB06027555_TUE002018_ITS1_ITS2_Dominica;size=1
Thelephora_UDB06027551_TUE002018_ITS1_ITS2_Dominica;size=1	Thelephora_UDB06027578_TUE002018_ITS1_ITS2_Dominica;size=1
Thelephora_UDB06027553_TUE002018_ITS1_ITS2_Dominica;size=1	Thelephora_UDB06027578_TUE002018_ITS1_ITS2_Dominica;size=1
Thelephora_UDB06027557_TUE002018_ITS1_ITS2_Dominica;size=1	Thelephora_UDB06027578_TUE002018_ITS1_ITS2_Dominica;size=1
Thelephora_UDB06027559_TUE002018_ITS1_ITS2_Dominica;size=1	Thelephora_UDB06027555_TUE002018_ITS1_ITS2_Dominica;size=1
Thelephora_UDB06027561_TUE002018_ITS1_ITS2_Dominica;size=1	Thelephora_UDB06027578_TUE002018_ITS1_ITS2_Dominica;size=1
Thelephora_UDB06027563_TUE002018_ITS1_ITS2_Dominica;size=1	Thelephora_UDB06027555_TUE002018_ITS1_ITS2_Dominica;size=1
Thelephora_UDB06027565_TUE002018_ITS1_ITS2_Dominica;size=1	Thelephora_UDB06027555_TUE002018_ITS1_ITS2_Dominica;size=1
Thelephora_UDB06027567_TUE002018_ITS1_ITS2_Dominica;size=1	Thelephora_UDB06027555_TUE002018_ITS1_ITS2_Dominica;size=1
Thelephora_UDB06027569_TUE002018_ITS1_ITS2_Dominica;size=1	Thelephora_UDB06027578_TUE002018_ITS1_ITS2_Dominica;size=1
Thelephora_UDB06027571_TUE002018_ITS1_ITS2_Dominica;size=1	Thelephora_UDB06027555_TUE002018_ITS1_ITS2_Dominica;size=1
Thelephora_UDB06027573_TUE002018_ITS1_ITS2_Dominica;size=1	Thelephora_UDB06027578_TUE002018_ITS1_ITS2_Dominica;size=1
Thelephora_UDB06027580_TUE002018_ITS1_ITS2_Dominica;size=1	Thelephora_UDB06027578_TUE002018_ITS1_ITS2_Dominica;size=1
Thelephora_UDB06027582_TUE002018_ITS1_ITS2_Dominica;size=1	Thelephora_UDB06027578_TUE002018_ITS1_ITS2_Dominica;size=1
Thelephora_UDB06027584_TUE002018_ITS1_ITS2_Dominica;size=1	Thelephora_UDB06027578_TUE002018_ITS1_ITS2_Dominica;size=1
Thelephora_UDB06027586_TUE002018_ITS1_ITS2_Dominica;size=1	Thelephora_UDB06027578_TUE002018_ITS1_ITS2_Dominica;size=1
Thelephora_UDB06027588_TUE002018_ITS1_ITS2_Dominica;size=1	Thelephora_UDB06027578_TUE002018_ITS1_ITS2_Dominica;size=1
Thelephora_UDB06027590_TUE002018_ITS1_ITS2_Dominica;size=1	Thelephora_UDB06027578_TUE002018_ITS1_ITS2_Dominica;size=1
Thelephora_UDB06027592_TUE002018_ITS1_ITS2_Dominica;size=1	Thelephora_UDB06027555_TUE002018_ITS1_ITS2_Dominica;size=1
Thelephora_UDB06027596_TUE002018_ITS1_ITS2_Dominica;size=1	Thelephora_UDB06027555_TUE002018_ITS1_ITS2_Dominica;size=1
Thelephora_UDB06027668_TUE002018_ITS1_ITS2_Dominica;size=1	Thelephora_UDB06027664_TUE002018_ITS1_ITS2_Dominica;size=1
Thelephora_UDB06027723_TUE002018_ITS1_ITS2_Dominica;size=1	Thelephora_UDB06027513_TUE002018_ITS1_ITS2_Dominica;size=1
Thelephora_UDB06027727_TUE002018_ITS1_ITS2_Dominica;size=1	Thelephora_UDB06027513_TUE002018_ITS1_ITS2_Dominica;size=1
Thelephora_UDB06027762_TUE002018_ITS1_ITS2_Dominica;size=1	Thelephora_UDB06027499_TUE002018_ITS1_ITS2_Dominica;size=1
Thelephora_UDB06027819_TUE002020_ITS1_ITS2_Dominica;size=1	Thelephora_UDB06027817_TUE002020_ITS1_ITS2_Dominica;size=1
Thelephora_UDB06027821_TUE002020_ITS1_ITS2_Dominica;size=1	Thelephora_UDB06027817_TUE002020_ITS1_ITS2_Dominica;size=1
Thelephora_UDB06027822_TUE002020_ITS1_ITS2_Dominica;size=1	Thelephora_UDB06027817_TUE002020_ITS1_ITS2_Dominica;size=1
Thelephora_UDB06028339_TUE002022_ITS1_ITS2_Dominica;size=1	Thelephora_UDB06028917_TUE002022_ITS1_ITS2_Dominica;size=1
Thelephora_UDB06028354_TUE002022_ITS1_ITS2_Dominica;size=1	*
Thelephora_UDB06028357_TUE002022_ITS1_ITS2_Dominica;size=1	Thelephora_UDB06028819_TUE002022_ITS1_ITS2_Dominica;size=1
Thelephora_UDB06028541_TUE002022_ITS1_ITS2_Dominica;size=1	Thelephora_UDB06028464_TUE002022_ITS1_ITS2_Dominica;size=1
Thelephora_UDB06028607_TUE002022_ITS1_ITS2_Dominica;size=1	Thelephora_UDB06028461_TUE002022_ITS1_ITS2_Dominica;size=1
Thelephora_UDB06028608_TUE002022_ITS1_ITS2_Dominica;size=1	Thelephora_UDB06028461_TUE002022_ITS1_ITS2_Dominica;size=1
Thelephora_UDB06028757_TUE002022_ITS1_ITS2_Dominica;size=1	Thelephora_UDB06028354_TUE002022_ITS1_ITS2_Dominica;size=1
Thelephora_UDB06028759_TUE002022_ITS1_ITS2_Dominica;size=1	Thelephora_UDB06028354_TUE002022_ITS1_ITS2_Dominica;size=1
Thelephora_UDB06028761_TUE002022_ITS1_ITS2_Dominica;size=1	Thelephora_UDB06028354_TUE002022_ITS1_ITS2_Dominica;size=1
Thelephora_UDB06028763_TUE002022_ITS1_ITS2_Dominica;size=1	Thelephora_UDB06028354_TUE002022_ITS1_ITS2_Dominica;size=1
Thelephora_UDB06028765_TUE002022_ITS1_ITS2_Dominica;size=1	Thelephora_UDB06028354_TUE002022_ITS1_ITS2_Dominica;size=1
Thelephora_UDB06028811_TUE002022_ITS1_ITS2_Dominica;size=1	Thelephora_UDB06028819_TUE002022_ITS1_ITS2_Dominica;size=1
Thelephora_UDB06028813_TUE002022_ITS1_ITS2_Dominica;size=1	Thelephora_UDB06028819_TUE002022_ITS1_ITS2_Dominica;size=1
Thelephora_UDB06028815_TUE002022_ITS1_ITS2_Dominica;size=1	Thelephora_UDB06028819_TUE002022_ITS1_ITS2_Dominica;size=1
Thelephora_UDB06028817_TUE002022_ITS1_ITS2_Dominica;size=1	Thelephora_UDB06028819_TUE002022_ITS1_ITS2_Dominica;size=1
Thelephora_UDB06028843_TUE002022_ITS1_ITS2_Dominica;size=1	Thelephora_UDB06028819_TUE002022_ITS1_ITS2_Dominica;size=1
Thelephora_UDB06028845_TUE002022_ITS1_ITS2_Dominica;size=1	Thelephora_UDB06028819_TUE002022_ITS1_ITS2_Dominica;size=1
Thelephora_UDB06028846_TUE002022_ITS1_ITS2_Dominica;size=1	Thelephora_UDB06028819_TUE002022_ITS1_ITS2_Dominica;size=1
Thelephora_UDB06028890_TUE002022_ITS1_ITS2_Dominica;size=1	Thelephora_UDB06028880_TUE002022_ITS1_ITS2_Dominica;size=1
Thelephora_UDB06028894_TUE002022_ITS1_ITS2_Dominica;size=1	Thelephora_UDB06028917_TUE002022_ITS1_ITS2_Dominica;size=1
Thelephora_UDB06028896_TUE002022_ITS1_ITS2_Dominica;size=1	Thelephora_UDB06028917_TUE002022_ITS1_ITS2_Dominica;size=1
Thelephora_UDB06028902_TUE002022_ITS1_ITS2_Dominica;size=1	Thelephora_UDB06028917_TUE002022_ITS1_ITS2_Dominica;size=1
Thelephora_UDB06028904_TUE002022_ITS1_ITS2_Dominica;size=1	Thelephora_UDB06028917_TUE002022_ITS1_ITS2_Dominica;size=1
Thelephora_UDB06028906_TUE002022_ITS1_ITS2_Dominica;size=1	Thelephora_UDB06028917_TUE002022_ITS1_ITS2_Dominica;size=1
Thelephora_UDB06028908_TUE002022_ITS1_ITS2_Dominica;size=1	Thelephora_UDB06028917_TUE002022_ITS1_ITS2_Dominica;size=1
Thelephora_UDB06028910_TUE002022_ITS1_ITS2_Dominica;size=1	Thelephora_UDB06028917_TUE002022_ITS1_ITS2_Dominica;size=1
Thelephora_UDB06028912_TUE002022_ITS1_ITS2_Dominica;size=1	Thelephora_UDB06028917_TUE002022_ITS1_ITS2_Dominica;size=1
Thelephora_UDB06028914_TUE002022_ITS1_ITS2_Dominica;size=1	Thelephora_UDB06028917_TUE002022_ITS1_ITS2_Dominica;size=1
Thelephora_UDB06028916_TUE002022_ITS1_ITS2_Dominica;size=1	Thelephora_UDB06028917_TUE002022_ITS1_ITS2_Dominica;size=1
Thelephora_UDB06028919_TUE002022_ITS1_ITS2_Dominica;size=1	Thelephora_UDB06028917_TUE002022_ITS1_ITS2_Dominica;size=1
Thelephora_UDB06028921_TUE002022_ITS1_ITS2_Dominica;size=1	Thelephora_UDB06028917_TUE002022_ITS1_ITS2_Dominica;size=1
Thelephora_UDB06028923_TUE002022_ITS1_ITS2_Dominica;size=1	Thelephora_UDB06028917_TUE002022_ITS1_ITS2_Dominica;size=1
Thelephora_UDB06028925_TUE002022_ITS1_ITS2_Dominica;size=1	Thelephora_UDB06028917_TUE002022_ITS1_ITS2_Dominica;size=1
Thelephora_UDB06028927_TUE002022_ITS1_ITS2_Dominica;size=1	Thelephora_UDB06028917_TUE002022_ITS1_ITS2_Dominica;size=1
Thelephora_UDB06028929_TUE002022_ITS1_ITS2_Dominica;size=1	Thelephora_UDB06028917_TUE002022_ITS1_ITS2_Dominica;size=1
Thelephora_UDB06028931_TUE002022_ITS1_ITS2_Dominica;size=1	Thelephora_UDB06028917_TUE002022_ITS1_ITS2_Dominica;size=1
Thelephora_UDB06028935_TUE002022_ITS1_ITS2_Dominica;size=1	Thelephora_UDB06028917_TUE002022_ITS1_ITS2_Dominica;size=1
Thelephora_UDB06028937_TUE002022_ITS1_ITS2_Dominica;size=1	Thelephora_UDB06028917_TUE002022_ITS1_ITS2_Dominica;size=1
Thelephora_UDB06028941_TUE002022_ITS1_ITS2_Dominica;size=1	Thelephora_UDB06028917_TUE002022_ITS1_ITS2_Dominica;size=1
Thelephora_UDB06028945_TUE002022_ITS1_ITS2_Dominica;size=1	Thelephora_UDB06028917_TUE002022_ITS1_ITS2_Dominica;size=1
Thelephora_UDB06028947_TUE002022_ITS1_ITS2_Dominica;size=1	Thelephora_UDB06028917_TUE002022_ITS1_ITS2_Dominica;size=1
Thelephora_UDB06028951_TUE002022_ITS1_ITS2_Dominica;size=1	Thelephora_UDB06028917_TUE002022_ITS1_ITS2_Dominica;size=1
Thelephora_UDB06027815_TUE002020_ITS1_ITS2_Dominica;size=1	Thelephora_UDB06027817_TUE002020_ITS1_ITS2_Dominica;size=1
Thelephora_UDB06028097_TUE002021_ITS1_ITS2_Dominica;size=1	Thelephora_UDB06028074_TUE002021_ITS1_ITS2_Dominica;size=1
Thelephora_UDB06028171_TUE002021_ITS1_ITS2_Dominica;size=1	*
Thelephora_UDB06028346_TUE002022_ITS1_ITS2_Dominica;size=1	Thelephora_UDB06028880_TUE002022_ITS1_ITS2_Dominica;size=1
Thelephora_UDB06028379_TUE002022_ITS1_ITS2_Dominica;size=1	Thelephora_UDB06028381_TUE002022_ITS1_ITS2_Dominica;size=1
Thelephora_UDB06028383_TUE002022_ITS1_ITS2_Dominica;size=1	Thelephora_UDB06028381_TUE002022_ITS1_ITS2_Dominica;size=1
Thelephora_UDB06028385_TUE002022_ITS1_ITS2_Dominica;size=1	Thelephora_UDB06028381_TUE002022_ITS1_ITS2_Dominica;size=1
Thelephora_UDB06028881_TUE002022_ITS1_ITS2_Dominica;size=1	Thelephora_UDB06028880_TUE002022_ITS1_ITS2_Dominica;size=1
Thelephora_UDB06028882_TUE002022_ITS1_ITS2_Dominica;size=1	Thelephora_UDB06028880_TUE002022_ITS1_ITS2_Dominica;size=1
Thelephora_UDB06028883_TUE002022_ITS1_ITS2_Dominica;size=1	Thelephora_UDB06028880_TUE002022_ITS1_ITS2_Dominica;size=1
Thelephora_UDB06028884_TUE002022_ITS1_ITS2_Dominica;size=1	Thelephora_UDB06028880_TUE002022_ITS1_ITS2_Dominica;size=1
Thelephora_UDB06028885_TUE002022_ITS1_ITS2_Dominica;size=1	Thelephora_UDB06028880_TUE002022_ITS1_ITS2_Dominica;size=1
Thelephora_UDB06028886_TUE002022_ITS1_ITS2_Dominica;size=1	Thelephora_UDB06028880_TUE002022_ITS1_ITS2_Dominica;size=1
Thelephora_UDB06028887_TUE002022_ITS1_ITS2_Dominica;size=1	Thelephora_UDB06028880_TUE002022_ITS1_ITS2_Dominica;size=1
Thelephora_UDB06028888_TUE002022_ITS1_ITS2_Dominica;size=1	Thelephora_UDB06028880_TUE002022_ITS1_ITS2_Dominica;size=1
Thelephora_UDB06028889_TUE002022_ITS1_ITS2_Dominica;size=1	Thelephora_UDB06028880_TUE002022_ITS1_ITS2_Dominica;size=1
Thelephora_UDB06028891_TUE002022_ITS1_ITS2_Dominica;size=1	Thelephora_UDB06028880_TUE002022_ITS1_ITS2_Dominica;size=1
Thelephora_UDB06028892_TUE002022_ITS1_ITS2_Dominica;size=1	Thelephora_UDB06028880_TUE002022_ITS1_ITS2_Dominica;size=1
Thelephora_UDB06028898_TUE002022_ITS1_ITS2_Dominica;size=1	Thelephora_UDB06028917_TUE002022_ITS1_ITS2_Dominica;size=1
Thelephora_UDB06028940_TUE002022_ITS1_ITS2_Dominica;size=1	Thelephora_UDB06028917_TUE002022_ITS1_ITS2_Dominica;size=1
Thelephora_UDB06027725_TUE002018_ITS1_ITS2_Dominica;size=1	Thelephora_UDB06027513_TUE002018_ITS1_ITS2_Dominica;size=1
Thelephora_UDB06027728_TUE002018_ITS1_ITS2_Dominica;size=1	Thelephora_UDB06027513_TUE002018_ITS1_ITS2_Dominica;size=1
Thelephora_UDB06028109_TUE002021_ITS1_ITS2_Dominica;size=1	Thelephora_UDB06028074_TUE002021_ITS1_ITS2_Dominica;size=1
Thelephora_UDB06028162_TUE002021_ITS1_ITS2_Dominica;size=1	Thelephora_UDB06028171_TUE002021_ITS1_ITS2_Dominica;size=1
Thelephora_UDB06028168_TUE002021_ITS1_ITS2_Dominica;size=1	Thelephora_UDB06028171_TUE002021_ITS1_ITS2_Dominica;size=1
Thelephora_UDB06028188_TUE002021_ITS1_ITS2_Dominica;size=1	Thelephora_UDB06028171_TUE002021_ITS1_ITS2_Dominica;size=1
Thelephora_UDB06027987_TUE002021_ITS1_ITS2_Dominica;size=1	Thelephora_UDB06028171_TUE002021_ITS1_ITS2_Dominica;size=1
Thelephora_UDB06028000_TUE002021_ITS1_ITS2_Dominica;size=1	Thelephora_UDB06028171_TUE002021_ITS1_ITS2_Dominica;size=1
Thelephora_UDB06028002_TUE002021_ITS1_ITS2_Dominica;size=1	Thelephora_UDB06028171_TUE002021_ITS1_ITS2_Dominica;size=1
Thelephora_UDB06028004_TUE002021_ITS1_ITS2_Dominica;size=1	Thelephora_UDB06028171_TUE002021_ITS1_ITS2_Dominica;size=1
Thelephora_UDB06028015_TUE002021_ITS1_ITS2_Dominica;size=1	Thelephora_UDB06028171_TUE002021_ITS1_ITS2_Dominica;size=1
Thelephora_UDB06028017_TUE002021_ITS1_ITS2_Dominica;size=1	Thelephora_UDB06028171_TUE002021_ITS1_ITS2_Dominica;size=1
Thelephora_UDB06028141_TUE002021_ITS1_ITS2_Dominica;size=1	Thelephora_UDB06028171_TUE002021_ITS1_ITS2_Dominica;size=1
Thelephora_UDB06028145_TUE002021_ITS1_ITS2_Dominica;size=1	Thelephora_UDB06028171_TUE002021_ITS1_ITS2_Dominica;size=1
Thelephora_UDB06028149_TUE002021_ITS1_ITS2_Dominica;size=1	Thelephora_UDB06028171_TUE002021_ITS1_ITS2_Dominica;size=1
Thelephora_UDB06028151_TUE002021_ITS1_ITS2_Dominica;size=1	Thelephora_UDB06028171_TUE002021_ITS1_ITS2_Dominica;size=1
Thelephora_UDB06028153_TUE002021_ITS1_ITS2_Dominica;size=1	Thelephora_UDB06028171_TUE002021_ITS1_ITS2_Dominica;size=1
Thelephora_UDB06028154_TUE002021_ITS1_ITS2_Dominica;size=1	Thelephora_UDB06028171_TUE002021_ITS1_ITS2_Dominica;size=1
Thelephora_UDB06028156_TUE002021_ITS1_ITS2_Dominica;size=1	Thelephora_UDB06028171_TUE002021_ITS1_ITS2_Dominica;size=1
Thelephora_UDB06028158_TUE002021_ITS1_ITS2_Dominica;size=1	Thelephora_UDB06028171_TUE002021_ITS1_ITS2_Dominica;size=1
Thelephora_UDB06028160_TUE002021_ITS1_ITS2_Dominica;size=1	Thelephora_UDB06028171_TUE002021_ITS1_ITS2_Dominica;size=1
Thelephora_UDB06028164_TUE002021_ITS1_ITS2_Dominica;size=1	Thelephora_UDB06028171_TUE002021_ITS1_ITS2_Dominica;size=1
Thelephora_UDB06028173_TUE002021_ITS1_ITS2_Dominica;size=1	Thelephora_UDB06028171_TUE002021_ITS1_ITS2_Dominica;size=1
Thelephora_UDB06028175_TUE002021_ITS1_ITS2_Dominica;size=1	Thelephora_UDB06028171_TUE002021_ITS1_ITS2_Dominica;size=1
Thelephora_UDB06028177_TUE002021_ITS1_ITS2_Dominica;size=1	Thelephora_UDB06028171_TUE002021_ITS1_ITS2_Dominica;size=1
Thelephora_UDB06028179_TUE002021_ITS1_ITS2_Dominica;size=1	Thelephora_UDB06028171_TUE002021_ITS1_ITS2_Dominica;size=1
Thelephora_UDB06028181_TUE002021_ITS1_ITS2_Dominica;size=1	Thelephora_UDB06028171_TUE002021_ITS1_ITS2_Dominica;size=1
Thelephora_UDB06028183_TUE002021_ITS1_ITS2_Dominica;size=1	Thelephora_UDB06028171_TUE002021_ITS1_ITS2_Dominica;size=1
Thelephora_UDB06028185_TUE002021_ITS1_ITS2_Dominica;size=1	Thelephora_UDB06028171_TUE002021_ITS1_ITS2_Dominica;size=1
Thelephora_UDB06028186_TUE002021_ITS1_ITS2_Dominica;size=1	Thelephora_UDB06028171_TUE002021_ITS1_ITS2_Dominica;size=1
Thelephora_UDB06028190_TUE002021_ITS1_ITS2_Dominica;size=1	Thelephora_UDB06028171_TUE002021_ITS1_ITS2_Dominica;size=1
Thelephora_UDB06028192_TUE002021_ITS1_ITS2_Dominica;size=1	Thelephora_UDB06028171_TUE002021_ITS1_ITS2_Dominica;size=1
Thelephora_UDB06028194_TUE002021_ITS1_ITS2_Dominica;size=1	Thelephora_UDB06028171_TUE002021_ITS1_ITS2_Dominica;size=1
Thelephora_UDB06028196_TUE002021_ITS1_ITS2_Dominica;size=1	Thelephora_UDB06028171_TUE002021_ITS1_ITS2_Dominica;size=1
Thelephora_UDB06028198_TUE002021_ITS1_ITS2_Dominica;size=1	Thelephora_UDB06028171_TUE002021_ITS1_ITS2_Dominica;size=1
Thelephora_UDB06028200_TUE002021_ITS1_ITS2_Dominica;size=1	Thelephora_UDB06028171_TUE002021_ITS1_ITS2_Dominica;size=1
Thelephora_UDB06028143_TUE002021_ITS1_ITS2_Dominica;size=1	Thelephora_UDB06028171_TUE002021_ITS1_ITS2_Dominica;size=1
Thelephora_UDB06028147_TUE002021_ITS1_ITS2_Dominica;size=1	Thelephora_UDB06028171_TUE002021_ITS1_ITS2_Dominica;size=1
Thelephora_UDB06028170_TUE002021_ITS1_ITS2_Dominica;size=1	Thelephora_UDB06028171_TUE002021_ITS1_ITS2_Dominica;size=1
Thelephora_656ca43113972795a2aac8efcd2bc2eeeb6ba4f6_TUE002018_ITS1_ITS2_Dominica;size=1	Thelephora_UDB06027662_TUE002018_ITS1_ITS2_Dominica;size=1
